EmployeeNumber,collaboration,leadership,business_functions,analytics,project_management,software_data,systems,domain_expertise
1,3.80,1.90,4.75,0.90,2.85,0.00,0.00,0.90
2,3.00,2.00,0.00,4.25,2.00,0.85,0.00,4.25
4,1.90,0.00,0.00,1.80,0.95,0.00,1.80,4.50
5,3.15,2.10,0.00,5.00,2.10,1.10,0.00,5.00
7,1.80,0.00,0.00,1.60,0.90,0.00,1.60,4.00
8,1.90,0.00,0.00,1.80,0.95,0.00,1.80,4.50
10,2.20,0.00,0.00,2.10,1.10,0.00,2.10,5.00
11,2.00,0.00,0.00,1.70,1.00,0.00,1.70,4.25
12,5.00,5.00,1.10,2.10,5.00,0.00,3.15,2.10
13,5.00,1.00,5.00,1.00,2.00,0.00,0.00,2.00
14,2.00,0.00,0.00,2.00,1.00,0.00,2.00,5.00
15,1.90,0.00,0.00,1.80,0.95,0.00,1.80,4.50
16,2.70,1.80,0.00,4.00,1.80,0.80,0.00,4.00
18,1.90,0.00,0.00,1.80,0.95,0.00,1.80,4.50
19,2.00,0.00,0.00,2.00,1.00,0.00,2.00,5.00
20,5.00,5.00,1.05,2.20,5.00,0.00,3.30,2.20
21,2.85,1.90,0.00,4.50,1.90,0.90,0.00,4.50
22,1.90,0.00,0.00,1.80,0.95,0.00,1.80,4.50
23,4.20,4.20,1.05,2.20,5.00,0.00,2.20,1.10
24,3.00,2.00,0.00,5.00,2.00,1.00,0.00,5.00
26,4.75,4.75,0.95,1.80,4.75,0.00,2.70,1.80
27,5.00,1.15,5.00,1.15,2.30,0.00,0.00,1.15
28,4.20,4.20,0.00,5.00,3.15,1.10,0.00,5.00
30,2.85,1.90,0.00,4.50,1.90,0.90,0.00,4.50
31,2.70,1.80,0.00,4.00,1.80,0.80,0.00,4.00
32,4.00,4.00,1.00,2.00,5.00,0.00,2.00,1.00
33,3.00,2.00,0.00,4.25,2.00,0.85,0.00,4.25
35,4.20,2.10,5.00,1.10,3.15,0.00,0.00,1.10
36,5.00,1.05,5.00,1.10,2.10,0.00,0.00,2.20
38,4.20,4.20,1.05,2.20,5.00,0.00,2.20,1.10
39,2.00,0.00,0.00,2.00,1.00,0.00,2.00,5.00
40,5.00,1.05,5.00,1.10,2.10,0.00,0.00,2.20
41,1.90,0.00,0.00,1.80,0.95,0.00,1.80,4.50
42,5.00,1.00,5.00,1.00,2.00,0.00,0.00,1.00
45,3.00,2.00,0.00,5.00,2.00,1.00,0.00,5.00
46,2.85,1.90,0.00,4.50,1.90,0.90,0.00,4.50
47,4.75,0.95,4.75,0.90,1.90,0.00,0.00,0.90
49,5.00,1.00,5.00,1.00,2.00,0.00,0.00,1.00
51,3.15,2.10,0.00,5.00,2.10,1.10,0.00,5.00
52,4.00,2.00,5.00,1.00,3.00,0.00,0.00,1.00
53,1.90,0.00,0.00,1.80,0.95,0.00,1.80,4.50
54,2.10,0.00,0.00,2.20,1.05,0.00,2.20,5.00
55,2.00,0.00,0.00,2.00,1.00,0.00,2.00,5.00
56,4.00,2.00,5.00,1.00,3.00,0.00,0.00,1.00
57,2.10,0.00,0.00,1.90,1.05,0.00,1.90,4.75
58,4.00,4.00,0.00,5.00,3.00,1.00,0.00,5.00
60,4.60,2.30,5.00,1.15,3.45,0.00,0.00,1.15
61,3.15,2.10,0.00,4.75,2.10,0.95,0.00,4.75
62,4.60,2.30,5.00,1.15,3.45,0.00,0.00,1.15
63,1.80,0.00,0.00,1.60,0.90,0.00,1.60,4.00
64,1.90,0.00,0.00,1.80,0.95,0.00,1.80,4.50
65,2.10,0.00,0.00,2.20,1.05,0.00,2.20,5.00
68,4.80,2.40,5.00,1.25,3.60,0.00,0.00,1.25
70,4.75,0.95,4.75,0.90,1.90,0.00,0.00,1.80
72,4.00,2.00,5.00,1.00,3.00,0.00,0.00,1.00
73,3.80,3.80,0.00,4.50,2.85,0.90,0.00,4.50
74,4.80,2.40,5.00,1.25,3.60,0.00,0.00,1.25
75,2.10,0.00,0.00,2.20,1.05,0.00,2.20,5.00
76,2.30,0.00,0.00,2.30,1.15,0.00,2.30,5.00
77,5.00,5.00,1.05,2.20,5.00,0.00,3.30,2.20
78,5.00,5.00,1.10,2.10,5.00,0.00,3.15,2.10
79,2.20,0.00,0.00,2.40,1.10,0.00,2.40,5.00
80,3.80,3.80,0.00,4.50,2.85,0.90,0.00,4.50
81,4.00,2.00,5.00,1.00,3.00,0.00,0.00,1.00
83,5.00,1.00,5.00,1.00,2.00,0.00,0.00,2.00
84,4.00,4.00,1.00,2.00,5.00,0.00,2.00,1.00
85,5.00,5.00,1.00,2.00,5.00,0.00,3.00,2.00
86,3.00,2.00,0.00,5.00,2.00,1.00,0.00,5.00
88,3.00,2.00,0.00,5.00,2.00,1.00,0.00,5.00
90,3.00,2.00,0.00,5.00,2.00,1.00,0.00,5.00
91,3.60,1.80,4.50,0.80,2.70,0.00,0.00,0.80
94,3.30,2.20,0.00,5.00,2.20,1.05,0.00,5.00
95,3.15,2.10,0.00,5.00,2.10,1.10,0.00,5.00
96,3.00,2.00,0.00,5.00,2.00,1.00,0.00,5.00
97,2.00,0.00,0.00,2.00,1.00,0.00,2.00,5.00
98,5.00,5.00,1.15,2.30,5.00,0.00,3.45,2.30
100,4.20,2.10,5.00,1.10,3.15,0.00,0.00,1.10
101,4.20,4.20,0.00,5.00,3.15,1.10,0.00,5.00
102,4.20,4.20,0.00,5.00,3.15,1.10,0.00,5.00
103,4.20,3.15,5.00,1.90,3.15,0.00,0.00,0.00
104,1.80,0.00,0.00,1.60,0.90,0.00,1.60,4.00
105,3.00,2.00,0.00,5.00,2.00,1.00,0.00,5.00
106,3.80,1.90,4.75,0.90,2.85,0.00,0.00,0.90
107,3.00,2.00,0.00,5.00,2.00,1.00,0.00,5.00
110,4.75,4.75,0.95,1.80,4.75,0.00,2.70,1.80
112,5.00,5.00,1.00,2.00,5.00,0.00,3.00,2.00
113,4.50,0.90,4.50,0.80,1.80,0.00,0.00,0.80
116,2.30,0.00,0.00,2.30,1.15,0.00,2.30,5.00
117,5.00,1.00,5.00,1.00,2.00,0.00,0.00,2.00
118,3.80,1.90,4.75,0.90,2.85,0.00,0.00,0.90
119,5.00,1.15,5.00,1.15,2.30,0.00,0.00,2.30
120,4.60,2.30,5.00,1.15,3.45,0.00,0.00,1.15
121,3.80,1.90,4.75,0.90,2.85,0.00,0.00,0.90
124,5.00,1.00,5.00,1.00,2.00,0.00,0.00,2.00
125,4.20,2.10,5.00,1.10,3.15,0.00,0.00,1.10
126,4.20,4.20,0.00,5.00,3.15,1.10,0.00,5.00
128,4.20,2.10,5.00,0.95,3.15,0.00,0.00,0.95
129,4.00,2.00,5.00,1.00,3.00,0.00,0.00,1.00
131,4.20,2.10,5.00,1.10,3.15,0.00,0.00,1.10
132,2.00,0.00,0.00,2.00,1.00,0.00,2.00,5.00
133,4.60,3.45,5.00,2.30,3.45,0.00,0.00,0.00
134,2.70,1.80,0.00,4.00,1.80,0.80,0.00,4.00
137,2.00,0.00,0.00,2.00,1.00,0.00,2.00,5.00
138,3.15,2.10,0.00,5.00,2.10,1.10,0.00,5.00
139,4.75,0.95,4.75,0.90,1.90,0.00,0.00,1.80
140,4.60,4.60,1.15,2.30,5.00,0.00,2.30,1.15
141,4.00,4.00,0.00,5.00,3.00,1.00,0.00,5.00
142,4.00,2.00,5.00,1.00,3.00,0.00,0.00,1.00
143,2.70,1.80,0.00,4.00,1.80,0.80,0.00,4.00
144,2.00,0.00,0.00,2.00,1.00,0.00,2.00,5.00
145,5.00,1.15,5.00,1.15,2.30,0.00,0.00,2.30
147,2.20,0.00,0.00,2.10,1.10,0.00,2.10,5.00
148,4.00,4.00,1.00,2.00,5.00,0.00,2.00,1.00
150,1.80,0.00,0.00,1.60,0.90,0.00,1.60,4.00
151,3.15,2.10,0.00,5.00,2.10,1.10,0.00,5.00
152,4.00,2.00,5.00,1.00,3.00,0.00,0.00,1.00
153,4.00,4.00,1.00,2.00,5.00,0.00,2.00,1.00
154,3.80,1.90,4.75,0.90,2.85,0.00,0.00,0.90
155,2.10,0.00,0.00,1.90,1.05,0.00,1.90,4.75
158,3.80,3.80,0.95,1.80,4.75,0.00,1.80,0.90
159,3.30,2.20,0.00,5.00,2.20,1.05,0.00,5.00
160,3.80,1.90,4.75,0.90,2.85,0.00,0.00,0.90
161,3.15,2.10,0.00,5.00,2.10,1.10,0.00,5.00
162,4.00,4.00,0.00,5.00,3.00,1.00,0.00,5.00
163,4.20,2.10,5.00,1.10,3.15,0.00,0.00,1.10
164,3.00,2.00,0.00,5.00,2.00,1.00,0.00,5.00
165,5.00,1.05,5.00,1.10,2.10,0.00,0.00,2.20
167,4.50,0.90,4.50,0.80,1.80,0.00,0.00,0.80
169,1.80,0.00,0.00,1.60,0.90,0.00,1.60,4.00
170,5.00,5.00,1.05,2.20,5.00,0.00,3.30,2.20
171,3.00,2.00,0.00,5.00,2.00,1.00,0.00,5.00
174,4.00,2.00,5.00,1.00,3.00,0.00,0.00,1.00
175,4.00,2.00,5.00,1.00,3.00,0.00,0.00,1.00
176,3.60,1.80,4.50,0.80,2.70,0.00,0.00,0.80
177,4.00,3.00,5.00,1.70,3.00,0.00,0.00,0.00
178,5.00,5.00,1.05,1.90,5.00,0.00,2.85,1.90
179,5.00,5.00,1.05,2.20,5.00,0.00,3.30,2.20
182,4.20,2.10,5.00,1.10,3.15,0.00,0.00,1.10
183,4.00,2.00,5.00,1.00,3.00,0.00,0.00,1.00
184,4.00,3.00,5.00,2.00,3.00,0.00,0.00,0.00
190,2.20,0.00,0.00,2.10,1.10,0.00,2.10,5.00
192,3.00,2.00,0.00,5.00,2.00,1.00,0.00,5.00
193,3.60,2.40,0.00,5.00,2.40,1.25,0.00,5.00
194,3.00,2.00,0.00,5.00,2.00,1.00,0.00,5.00
195,3.80,1.90,4.75,0.90,2.85,0.00,0.00,0.90
197,3.00,2.00,0.00,5.00,2.00,1.00,0.00,5.00
198,1.80,0.00,0.00,1.60,0.90,0.00,1.60,4.00
199,4.00,4.00,1.00,2.00,5.00,0.00,2.00,1.00
200,2.30,0.00,0.00,2.30,1.15,0.00,2.30,5.00
201,1.80,0.00,0.00,1.60,0.90,0.00,1.60,4.00
202,3.00,2.00,0.00,5.00,2.00,1.00,0.00,5.00
204,4.40,2.20,5.00,1.20,3.30,0.00,0.00,1.20
205,5.00,1.05,5.00,0.95,2.10,0.00,0.00,0.95
206,2.00,0.00,0.00,2.00,1.00,0.00,2.00,5.00
207,4.00,2.00,5.00,1.00,3.00,0.00,0.00,1.00
208,4.50,4.50,0.90,1.60,4.50,0.00,2.40,1.60
211,5.00,5.00,1.05,2.20,5.00,0.00,3.30,2.20
214,3.30,2.20,0.00,5.00,2.20,1.05,0.00,5.00
215,4.20,2.10,5.00,1.10,3.15,0.00,0.00,1.10
216,5.00,1.05,5.00,1.10,2.10,0.00,0.00,1.10
217,3.00,2.00,0.00,4.25,2.00,0.85,0.00,4.25
218,3.00,2.00,0.00,5.00,2.00,1.00,0.00,5.00
221,3.00,2.00,0.00,5.00,2.00,1.00,0.00,5.00
223,4.75,0.95,4.75,0.90,1.90,0.00,0.00,1.80
224,3.00,2.00,0.00,5.00,2.00,1.00,0.00,5.00
226,4.00,4.00,1.00,2.00,5.00,0.00,2.00,1.00
227,3.00,2.00,0.00,5.00,2.00,1.00,0.00,5.00
228,4.00,2.00,5.00,1.00,3.00,0.00,0.00,1.00
230,4.60,2.30,5.00,1.15,3.45,0.00,0.00,1.15
231,3.60,2.40,0.00,5.00,2.40,1.25,0.00,5.00
233,3.00,2.00,0.00,5.00,2.00,1.00,0.00,5.00
235,5.00,1.00,5.00,0.85,2.00,0.00,0.00,0.85
238,1.90,0.00,0.00,1.80,0.95,0.00,1.80,4.50
239,2.00,0.00,0.00,2.00,1.00,0.00,2.00,5.00
240,3.80,1.90,4.75,0.90,2.85,0.00,0.00,0.90
241,3.00,2.00,0.00,5.00,2.00,1.00,0.00,5.00
242,3.00,2.00,0.00,5.00,2.00,1.00,0.00,5.00
243,2.20,0.00,0.00,2.10,1.10,0.00,2.10,5.00
244,4.20,2.10,5.00,0.95,3.15,0.00,0.00,0.95
245,1.90,0.00,0.00,1.80,0.95,0.00,1.80,4.50
246,3.00,2.00,0.00,4.25,2.00,0.85,0.00,4.25
247,2.85,1.90,0.00,4.50,1.90,0.90,0.00,4.50
248,5.00,1.05,5.00,0.95,2.10,0.00,0.00,0.95
249,2.00,0.00,0.00,2.00,1.00,0.00,2.00,5.00
250,4.75,4.75,0.95,1.80,4.75,0.00,2.70,1.80
252,3.00,2.00,0.00,5.00,2.00,1.00,0.00,5.00
253,3.60,3.60,0.90,1.60,4.50,0.00,1.60,0.80
254,4.20,4.20,0.00,5.00,3.15,1.10,0.00,5.00
256,4.50,4.50,0.90,1.60,4.50,0.00,2.40,1.60
258,5.00,1.00,5.00,1.00,2.00,0.00,0.00,2.00
259,4.20,4.20,1.05,2.20,5.00,0.00,2.20,1.10
260,3.00,2.00,0.00,5.00,2.00,1.00,0.00,5.00
261,4.75,4.75,0.95,1.80,4.75,0.00,2.70,1.80
262,3.00,2.00,0.00,5.00,2.00,1.00,0.00,5.00
264,4.20,4.20,1.05,1.90,5.00,0.00,1.90,0.95
267,3.00,2.00,0.00,5.00,2.00,1.00,0.00,5.00
269,2.00,0.00,0.00,2.00,1.00,0.00,2.00,5.00
270,4.75,4.75,0.95,1.80,4.75,0.00,2.70,1.80
271,5.00,5.00,1.05,2.20,5.00,0.00,3.30,2.20
273,5.00,5.00,1.00,2.00,5.00,0.00,3.00,2.00
274,4.50,4.50,0.90,1.60,4.50,0.00,2.40,1.60
275,5.00,5.00,1.05,2.20,5.00,0.00,3.30,2.20
277,3.15,2.10,0.00,5.00,2.10,1.10,0.00,5.00
281,1.90,0.00,0.00,1.80,0.95,0.00,1.80,4.50
282,4.50,0.90,4.50,0.80,1.80,0.00,0.00,1.60
283,4.40,2.20,5.00,1.05,3.30,0.00,0.00,1.05
284,3.00,2.00,0.00,5.00,2.00,1.00,0.00,5.00
286,1.80,0.00,0.00,1.60,0.90,0.00,1.60,4.00
287,5.00,1.10,5.00,1.20,2.20,0.00,0.00,2.40
288,5.00,1.05,5.00,1.10,2.10,0.00,0.00,2.20
291,4.20,2.10,5.00,1.10,3.15,0.00,0.00,1.10
292,5.00,5.00,1.00,1.70,5.00,0.00,2.55,1.70
293,4.00,2.00,5.00,1.00,3.00,0.00,0.00,1.00
296,4.20,4.20,0.00,5.00,3.15,1.10,0.00,5.00
297,3.00,2.00,0.00,5.00,2.00,1.00,0.00,5.00
298,4.00,4.00,1.00,2.00,5.00,0.00,2.00,1.00
299,4.20,2.10,5.00,1.10,3.15,0.00,0.00,1.10
300,3.00,2.00,0.00,5.00,2.00,1.00,0.00,5.00
302,4.00,2.00,5.00,1.00,3.00,0.00,0.00,1.00
303,4.00,2.00,5.00,1.00,3.00,0.00,0.00,1.00
304,1.90,0.00,0.00,1.80,0.95,0.00,1.80,4.50
305,3.45,2.30,0.00,5.00,2.30,1.15,0.00,5.00
306,4.00,4.00,0.00,5.00,3.00,1.00,0.00,5.00
307,4.00,2.00,5.00,1.00,3.00,0.00,0.00,1.00
308,5.00,5.00,1.05,2.20,5.00,0.00,3.30,2.20
309,3.00,2.00,0.00,5.00,2.00,1.00,0.00,5.00
311,5.00,1.05,5.00,1.10,2.10,0.00,0.00,1.10
312,3.60,1.80,4.50,0.80,2.70,0.00,0.00,0.80
314,4.00,2.00,5.00,1.00,3.00,0.00,0.00,1.00
315,2.70,1.80,0.00,4.00,1.80,0.80,0.00,4.00
316,2.00,0.00,0.00,2.00,1.00,0.00,2.00,5.00
319,3.80,3.80,0.95,1.80,4.75,0.00,1.80,0.90
321,3.80,2.85,4.75,1.80,2.85,0.00,0.00,0.00
323,4.20,4.20,1.05,2.20,5.00,0.00,2.20,1.10
325,2.00,0.00,0.00,2.00,1.00,0.00,2.00,5.00
327,4.40,4.40,1.10,2.10,5.00,0.00,2.10,1.05
328,2.10,0.00,0.00,1.90,1.05,0.00,1.90,4.75
329,4.20,4.20,1.05,2.20,5.00,0.00,2.20,1.10
330,4.75,0.95,4.75,0.90,1.90,0.00,0.00,0.90
331,2.00,0.00,0.00,2.00,1.00,0.00,2.00,5.00
332,2.10,0.00,0.00,2.20,1.05,0.00,2.20,5.00
333,4.20,2.10,5.00,1.10,3.15,0.00,0.00,1.10
334,2.85,1.90,0.00,4.50,1.90,0.90,0.00,4.50
335,2.85,1.90,0.00,4.50,1.90,0.90,0.00,4.50
336,4.00,4.00,1.00,2.00,5.00,0.00,2.00,1.00
337,4.20,4.20,0.00,5.00,3.15,1.10,0.00,5.00
338,3.15,2.10,0.00,5.00,2.10,1.10,0.00,5.00
339,5.00,5.00,1.05,2.20,5.00,0.00,3.30,2.20
340,2.85,1.90,0.00,4.50,1.90,0.90,0.00,4.50
341,5.00,5.00,1.05,2.20,5.00,0.00,3.30,2.20
342,5.00,5.00,1.00,2.00,5.00,0.00,3.00,2.00
343,5.00,1.15,5.00,1.15,2.30,0.00,0.00,2.30
346,3.00,2.00,0.00,5.00,2.00,1.00,0.00,5.00
347,2.85,1.90,0.00,4.50,1.90,0.90,0.00,4.50
349,3.80,1.90,4.75,0.90,2.85,0.00,0.00,0.90
350,5.00,5.00,1.00,2.00,5.00,0.00,3.00,2.00
351,2.00,0.00,0.00,2.00,1.00,0.00,2.00,5.00
352,3.80,3.80,0.00,4.50,2.85,0.90,0.00,4.50
353,3.00,2.00,0.00,5.00,2.00,1.00,0.00,5.00
355,1.90,0.00,0.00,1.80,0.95,0.00,1.80,4.50
359,2.20,0.00,0.00,2.10,1.10,0.00,2.10,5.00
361,3.80,1.90,4.75,0.90,2.85,0.00,0.00,0.90
362,1.80,0.00,0.00,1.60,0.90,0.00,1.60,4.00
363,4.00,4.00,1.00,2.00,5.00,0.00,2.00,1.00
364,2.10,0.00,0.00,2.20,1.05,0.00,2.20,5.00
366,4.00,2.00,5.00,1.00,3.00,0.00,0.00,1.00
367,5.00,1.10,5.00,1.05,2.20,0.00,0.00,2.10
369,4.75,0.95,4.75,0.90,1.90,0.00,0.00,1.80
372,4.75,0.95,4.75,0.90,1.90,0.00,0.00,1.80
373,2.00,0.00,0.00,2.00,1.00,0.00,2.00,5.00
374,4.00,4.00,1.00,2.00,5.00,0.00,2.00,1.00
376,4.20,4.20,1.05,2.20,5.00,0.00,2.20,1.10
377,3.30,2.20,0.00,5.00,2.20,1.05,0.00,5.00
378,4.20,2.10,5.00,1.10,3.15,0.00,0.00,1.10
379,2.85,1.90,0.00,4.50,1.90,0.90,0.00,4.50
380,4.20,4.20,0.00,5.00,3.15,1.10,0.00,5.00
381,4.00,4.00,1.00,2.00,5.00,0.00,2.00,1.00
382,4.20,2.10,5.00,0.95,3.15,0.00,0.00,0.95
384,5.00,5.00,1.10,2.10,5.00,0.00,3.15,2.10
385,3.60,3.60,0.00,4.00,2.70,0.80,0.00,4.00
386,4.20,4.20,0.00,5.00,3.15,1.10,0.00,5.00
387,4.00,2.00,5.00,0.85,3.00,0.00,0.00,0.85
388,3.80,1.90,4.75,0.90,2.85,0.00,0.00,0.90
389,1.90,0.00,0.00,1.80,0.95,0.00,1.80,4.50
390,4.75,0.95,4.75,0.90,1.90,0.00,0.00,1.80
391,3.00,2.00,0.00,5.00,2.00,1.00,0.00,5.00
392,2.20,0.00,0.00,2.10,1.10,0.00,2.10,5.00
393,5.00,1.05,5.00,1.10,2.10,0.00,0.00,2.20
394,2.10,0.00,0.00,2.20,1.05,0.00,2.20,5.00
395,3.15,2.10,0.00,4.75,2.10,0.95,0.00,4.75
396,4.20,4.20,0.00,5.00,3.15,1.10,0.00,5.00
397,3.00,2.00,0.00,5.00,2.00,1.00,0.00,5.00
399,5.00,1.00,5.00,1.00,2.00,0.00,0.00,1.00
401,4.20,2.10,5.00,1.10,3.15,0.00,0.00,1.10
403,3.00,2.00,0.00,5.00,2.00,1.00,0.00,5.00
404,4.00,2.00,5.00,1.00,3.00,0.00,0.00,1.00
405,2.00,0.00,0.00,2.00,1.00,0.00,2.00,5.00
406,4.00,2.00,5.00,1.00,3.00,0.00,0.00,1.00
407,2.10,0.00,0.00,2.20,1.05,0.00,2.20,5.00
408,5.00,5.00,1.00,2.00,5.00,0.00,3.00,2.00
410,4.20,4.20,1.05,2.20,5.00,0.00,2.20,1.10
411,5.00,1.00,5.00,1.00,2.00,0.00,0.00,1.00
412,4.75,0.95,4.75,0.90,1.90,0.00,0.00,1.80
416,4.00,2.00,5.00,1.00,3.00,0.00,0.00,1.00
417,5.00,1.00,5.00,1.00,2.00,0.00,0.00,2.00
419,2.10,0.00,0.00,2.20,1.05,0.00,2.20,5.00
420,4.00,2.00,5.00,1.00,3.00,0.00,0.00,1.00
421,3.80,3.80,0.00,4.50,2.85,0.90,0.00,4.50
422,5.00,1.05,5.00,1.10,2.10,0.00,0.00,2.20
423,3.15,2.10,0.00,5.00,2.10,1.10,0.00,5.00
424,4.00,3.00,5.00,2.00,3.00,0.00,0.00,0.00
425,2.00,0.00,0.00,2.00,1.00,0.00,2.00,5.00
426,3.15,2.10,0.00,5.00,2.10,1.10,0.00,5.00
428,4.20,4.20,1.05,2.20,5.00,0.00,2.20,1.10
429,3.60,3.60,0.90,1.60,4.50,0.00,1.60,0.80
430,2.10,0.00,0.00,2.20,1.05,0.00,2.20,5.00
431,4.75,0.95,4.75,0.90,1.90,0.00,0.00,1.80
433,3.15,2.10,0.00,5.00,2.10,1.10,0.00,5.00
434,3.00,2.00,0.00,5.00,2.00,1.00,0.00,5.00
436,3.80,1.90,4.75,0.90,2.85,0.00,0.00,0.90
437,4.00,2.00,5.00,1.00,3.00,0.00,0.00,1.00
438,4.00,2.00,5.00,1.00,3.00,0.00,0.00,1.00
439,3.15,2.10,0.00,5.00,2.10,1.10,0.00,5.00
440,3.15,2.10,0.00,5.00,2.10,1.10,0.00,5.00
441,2.85,1.90,0.00,4.50,1.90,0.90,0.00,4.50
442,5.00,5.00,1.05,1.90,5.00,0.00,2.85,1.90
444,3.80,3.80,0.95,1.80,4.75,0.00,1.80,0.90
445,3.80,1.90,4.75,0.90,2.85,0.00,0.00,0.90
446,4.00,2.00,5.00,1.00,3.00,0.00,0.00,1.00
447,4.40,4.40,0.00,5.00,3.30,1.20,0.00,5.00
448,2.10,0.00,0.00,2.20,1.05,0.00,2.20,5.00
449,3.60,1.80,4.50,0.80,2.70,0.00,0.00,0.80
450,3.15,2.10,0.00,5.00,2.10,1.10,0.00,5.00
451,5.00,1.00,5.00,1.00,2.00,0.00,0.00,2.00
452,3.15,2.10,0.00,5.00,2.10,1.10,0.00,5.00
453,4.20,2.10,5.00,0.95,3.15,0.00,0.00,0.95
454,2.10,0.00,0.00,2.20,1.05,0.00,2.20,5.00
455,2.20,0.00,0.00,2.40,1.10,0.00,2.40,5.00
456,4.00,2.00,5.00,1.00,3.00,0.00,0.00,1.00
458,4.20,2.10,5.00,1.10,3.15,0.00,0.00,1.10
460,4.75,4.75,0.95,1.80,4.75,0.00,2.70,1.80
461,3.80,3.80,0.00,4.50,2.85,0.90,0.00,4.50
462,5.00,5.00,1.05,2.20,5.00,0.00,3.30,2.20
463,3.60,1.80,4.50,0.80,2.70,0.00,0.00,0.80
464,5.00,5.00,1.05,2.20,5.00,0.00,3.30,2.20
465,2.70,1.80,0.00,4.00,1.80,0.80,0.00,4.00
466,5.00,5.00,1.00,2.00,5.00,0.00,3.00,2.00
467,4.50,0.90,4.50,0.80,1.80,0.00,0.00,0.80
468,4.40,4.40,0.00,5.00,3.30,1.20,0.00,5.00
469,4.00,2.00,5.00,1.00,3.00,0.00,0.00,1.00
470,3.60,2.70,4.50,1.60,2.70,0.00,0.00,0.00
471,2.00,0.00,0.00,2.00,1.00,0.00,2.00,5.00
473,4.00,4.00,1.00,1.70,5.00,0.00,1.70,0.85
474,3.00,2.00,0.00,5.00,2.00,1.00,0.00,5.00
475,3.80,1.90,4.75,0.90,2.85,0.00,0.00,0.90
476,4.00,2.00,5.00,1.00,3.00,0.00,0.00,1.00
477,5.00,1.15,5.00,1.15,2.30,0.00,0.00,2.30
478,4.50,0.90,4.50,0.80,1.80,0.00,0.00,0.80
479,4.40,2.20,5.00,1.20,3.30,0.00,0.00,1.20
481,4.20,2.10,5.00,1.10,3.15,0.00,0.00,1.10
482,5.00,1.05,5.00,1.10,2.10,0.00,0.00,2.20
483,2.10,0.00,0.00,2.20,1.05,0.00,2.20,5.00
484,5.00,1.05,5.00,0.95,2.10,0.00,0.00,0.95
485,5.00,1.00,5.00,1.00,2.00,0.00,0.00,1.00
486,2.20,0.00,0.00,2.10,1.10,0.00,2.10,5.00
487,5.00,5.00,1.05,2.20,5.00,0.00,3.30,2.20
488,4.00,2.00,5.00,1.00,3.00,0.00,0.00,1.00
491,5.00,1.00,5.00,1.00,2.00,0.00,0.00,2.00
492,3.80,1.90,4.75,0.90,2.85,0.00,0.00,0.90
493,3.15,2.10,0.00,5.00,2.10,1.10,0.00,5.00
494,5.00,1.00,5.00,1.00,2.00,0.00,0.00,1.00
495,3.00,2.00,0.00,5.00,2.00,1.00,0.00,5.00
496,5.00,1.05,5.00,1.10,2.10,0.00,0.00,2.20
497,1.90,0.00,0.00,1.80,0.95,0.00,1.80,4.50
498,4.20,2.10,5.00,1.10,3.15,0.00,0.00,1.10
499,5.00,1.10,5.00,1.05,2.20,0.00,0.00,2.10
500,3.80,1.90,4.75,0.90,2.85,0.00,0.00,0.90
501,3.00,2.00,0.00,5.00,2.00,1.00,0.00,5.00
502,4.00,2.00,5.00,1.00,3.00,0.00,0.00,1.00
505,4.00,4.00,1.00,2.00,5.00,0.00,2.00,1.00
507,4.20,2.10,5.00,1.10,3.15,0.00,0.00,1.10
508,4.50,0.90,4.50,0.80,1.80,0.00,0.00,0.80
510,3.00,2.00,0.00,4.25,2.00,0.85,0.00,4.25
511,3.00,2.00,0.00,5.00,2.00,1.00,0.00,5.00
513,3.80,1.90,4.75,0.90,2.85,0.00,0.00,0.90
514,3.30,2.20,0.00,5.00,2.20,1.05,0.00,5.00
515,2.00,0.00,0.00,2.00,1.00,0.00,2.00,5.00
516,3.80,1.90,4.75,0.90,2.85,0.00,0.00,0.90
517,2.10,0.00,0.00,2.20,1.05,0.00,2.20,5.00
518,5.00,5.00,1.05,2.20,5.00,0.00,3.30,2.20
520,4.00,4.00,0.00,5.00,3.00,1.00,0.00,5.00
521,2.20,0.00,0.00,2.10,1.10,0.00,2.10,5.00
522,3.80,3.80,0.00,4.50,2.85,0.90,0.00,4.50
523,4.20,2.10,5.00,1.10,3.15,0.00,0.00,1.10
524,4.75,4.75,0.95,1.80,4.75,0.00,2.70,1.80
525,2.20,0.00,0.00,2.10,1.10,0.00,2.10,5.00
526,5.00,1.05,5.00,1.10,2.10,0.00,0.00,2.20
527,3.80,1.90,4.75,0.90,2.85,0.00,0.00,0.90
529,3.30,2.20,0.00,5.00,2.20,1.20,0.00,5.00
530,1.90,0.00,0.00,1.80,0.95,0.00,1.80,4.50
531,3.60,3.60,0.90,1.60,4.50,0.00,1.60,0.80
532,4.00,2.00,5.00,1.00,3.00,0.00,0.00,1.00
533,4.00,2.00,5.00,1.00,3.00,0.00,0.00,1.00
534,4.00,2.00,5.00,1.00,3.00,0.00,0.00,1.00
536,1.90,0.00,0.00,1.80,0.95,0.00,1.80,4.50
538,2.00,0.00,0.00,2.00,1.00,0.00,2.00,5.00
543,5.00,5.00,1.00,2.00,5.00,0.00,3.00,2.00
544,3.15,2.10,0.00,4.75,2.10,0.95,0.00,4.75
546,3.80,3.80,0.95,1.80,4.75,0.00,1.80,0.90
547,2.85,1.90,0.00,4.50,1.90,0.90,0.00,4.50
548,5.00,5.00,1.10,2.10,5.00,0.00,3.15,2.10
549,4.00,4.00,1.00,2.00,5.00,0.00,2.00,1.00
550,5.00,5.00,1.00,2.00,5.00,0.00,3.00,2.00
551,5.00,1.05,5.00,1.10,2.10,0.00,0.00,2.20
554,4.50,0.90,4.50,0.80,1.80,0.00,0.00,0.80
555,4.75,0.95,4.75,0.90,1.90,0.00,0.00,0.90
556,2.10,0.00,0.00,1.90,1.05,0.00,1.90,4.75
558,4.20,4.20,1.05,2.20,5.00,0.00,2.20,1.10
560,3.30,2.20,0.00,5.00,2.20,1.05,0.00,5.00
562,2.00,0.00,0.00,2.00,1.00,0.00,2.00,5.00
564,4.20,4.20,0.00,5.00,3.15,1.10,0.00,5.00
565,3.30,2.20,0.00,5.00,2.20,1.20,0.00,5.00
566,3.80,2.85,4.75,1.80,2.85,0.00,0.00,0.00
567,4.20,2.10,5.00,1.10,3.15,0.00,0.00,1.10
568,4.00,4.00,1.00,2.00,5.00,0.00,2.00,1.00
569,4.20,4.20,1.05,2.20,5.00,0.00,2.20,1.10
571,2.00,0.00,0.00,2.00,1.00,0.00,2.00,5.00
573,4.00,2.00,5.00,1.00,3.00,0.00,0.00,1.00
574,4.75,4.75,0.95,1.80,4.75,0.00,2.70,1.80
575,4.00,4.00,0.00,5.00,3.00,1.00,0.00,5.00
577,2.00,0.00,0.00,2.00,1.00,0.00,2.00,5.00
578,2.10,0.00,0.00,2.20,1.05,0.00,2.20,5.00
579,3.15,2.10,0.00,5.00,2.10,1.10,0.00,5.00
580,4.00,2.00,5.00,1.00,3.00,0.00,0.00,1.00
581,5.00,5.00,1.00,1.70,5.00,0.00,2.55,1.70
582,3.60,3.60,0.90,1.60,4.50,0.00,1.60,0.80
584,1.80,0.00,0.00,1.60,0.90,0.00,1.60,4.00
585,4.50,0.90,4.50,0.80,1.80,0.00,0.00,0.80
586,5.00,1.00,5.00,1.00,2.00,0.00,0.00,2.00
587,5.00,1.00,5.00,1.00,2.00,0.00,0.00,2.00
590,4.00,3.00,5.00,2.00,3.00,0.00,0.00,0.00
591,1.90,0.00,0.00,1.80,0.95,0.00,1.80,4.50
592,4.20,2.10,5.00,1.10,3.15,0.00,0.00,1.10
593,1.80,0.00,0.00,1.60,0.90,0.00,1.60,4.00
595,4.40,2.20,5.00,1.20,3.30,0.00,0.00,1.20
597,4.80,4.80,1.20,2.50,5.00,0.00,2.50,1.25
599,3.80,1.90,4.75,0.90,2.85,0.00,0.00,0.90
600,4.00,2.00,5.00,1.00,3.00,0.00,0.00,1.00
601,5.00,5.00,1.00,2.00,5.00,0.00,3.00,2.00
602,1.80,0.00,0.00,1.60,0.90,0.00,1.60,4.00
604,3.60,1.80,4.50,0.80,2.70,0.00,0.00,0.80
605,5.00,5.00,1.10,2.10,5.00,0.00,3.15,2.10
606,4.00,2.00,5.00,1.00,3.00,0.00,0.00,1.00
608,4.20,3.15,5.00,2.20,3.15,0.00,0.00,0.00
611,5.00,5.00,1.00,2.00,5.00,0.00,3.00,2.00
612,4.40,4.40,0.00,5.00,3.30,1.20,0.00,5.00
613,4.40,4.40,1.10,2.10,5.00,0.00,2.10,1.05
614,5.00,1.00,5.00,1.00,2.00,0.00,0.00,1.00
615,4.00,2.00,5.00,1.00,3.00,0.00,0.00,1.00
616,5.00,1.05,5.00,1.10,2.10,0.00,0.00,2.20
618,3.80,1.90,4.75,0.90,2.85,0.00,0.00,0.90
620,4.00,2.00,5.00,1.00,3.00,0.00,0.00,1.00
621,4.20,2.10,5.00,1.10,3.15,0.00,0.00,1.10
622,2.00,0.00,0.00,2.00,1.00,0.00,2.00,5.00
623,5.00,5.00,1.00,2.00,5.00,0.00,3.00,2.00
624,4.50,0.90,4.50,0.80,1.80,0.00,0.00,1.60
625,4.40,4.40,1.10,2.40,5.00,0.00,2.40,1.20
626,4.20,2.10,5.00,1.10,3.15,0.00,0.00,1.10
630,2.85,1.90,0.00,4.50,1.90,0.90,0.00,4.50
631,4.20,2.10,5.00,1.10,3.15,0.00,0.00,1.10
632,5.00,1.00,5.00,1.00,2.00,0.00,0.00,1.00
634,5.00,1.00,5.00,1.00,2.00,0.00,0.00,2.00
635,5.00,5.00,1.05,2.20,5.00,0.00,3.30,2.20
638,4.20,4.20,0.00,5.00,3.15,1.10,0.00,5.00
639,3.00,2.00,0.00,5.00,2.00,1.00,0.00,5.00
641,4.20,2.10,5.00,0.95,3.15,0.00,0.00,0.95
643,2.10,0.00,0.00,1.90,1.05,0.00,1.90,4.75
644,4.00,4.00,1.00,2.00,5.00,0.00,2.00,1.00
645,4.50,0.90,4.50,0.80,1.80,0.00,0.00,0.80
647,2.00,0.00,0.00,2.00,1.00,0.00,2.00,5.00
648,5.00,1.05,5.00,1.10,2.10,0.00,0.00,1.10
649,2.85,1.90,0.00,4.50,1.90,0.90,0.00,4.50
650,4.20,2.10,5.00,1.10,3.15,0.00,0.00,1.10
652,1.90,0.00,0.00,1.80,0.95,0.00,1.80,4.50
653,4.60,2.30,5.00,1.15,3.45,0.00,0.00,1.15
655,3.15,2.10,0.00,5.00,2.10,1.10,0.00,5.00
656,4.00,2.00,5.00,1.00,3.00,0.00,0.00,1.00
657,3.00,2.00,0.00,5.00,2.00,1.00,0.00,5.00
659,5.00,1.05,5.00,1.10,2.10,0.00,0.00,2.20
661,4.20,4.20,0.00,5.00,3.15,1.10,0.00,5.00
662,2.70,1.80,0.00,4.00,1.80,0.80,0.00,4.00
663,2.20,0.00,0.00,2.40,1.10,0.00,2.40,5.00
664,4.20,4.20,1.05,2.20,5.00,0.00,2.20,1.10
665,4.20,3.15,5.00,2.20,3.15,0.00,0.00,0.00
666,5.00,1.00,5.00,1.00,2.00,0.00,0.00,1.00
667,4.50,0.90,4.50,0.80,1.80,0.00,0.00,0.80
669,4.50,0.90,4.50,0.80,1.80,0.00,0.00,0.80
671,4.20,4.20,1.05,2.20,5.00,0.00,2.20,1.10
675,3.00,2.00,0.00,4.25,2.00,0.85,0.00,4.25
677,4.20,2.10,5.00,1.10,3.15,0.00,0.00,1.10
679,3.15,2.10,0.00,5.00,2.10,1.10,0.00,5.00
680,3.30,2.20,0.00,5.00,2.20,1.05,0.00,5.00
682,4.00,2.00,5.00,0.85,3.00,0.00,0.00,0.85
683,3.30,2.20,0.00,5.00,2.20,1.20,0.00,5.00
684,4.20,2.10,5.00,1.10,3.15,0.00,0.00,1.10
686,2.00,0.00,0.00,2.00,1.00,0.00,2.00,5.00
689,5.00,5.00,1.00,2.00,5.00,0.00,3.00,2.00
690,3.80,1.90,4.75,0.90,2.85,0.00,0.00,0.90
691,3.15,2.10,0.00,5.00,2.10,1.10,0.00,5.00
692,5.00,1.10,5.00,1.05,2.20,0.00,0.00,2.10
698,4.20,3.15,5.00,2.20,3.15,0.00,0.00,0.00
699,4.75,4.75,0.95,1.80,4.75,0.00,2.70,1.80
700,3.15,2.10,0.00,5.00,2.10,1.10,0.00,5.00
701,2.70,1.80,0.00,4.00,1.80,0.80,0.00,4.00
702,3.00,2.00,0.00,5.00,2.00,1.00,0.00,5.00
704,2.00,0.00,0.00,2.00,1.00,0.00,2.00,5.00
705,3.00,2.00,0.00,5.00,2.00,1.00,0.00,5.00
707,4.40,2.20,5.00,1.05,3.30,0.00,0.00,1.05
709,4.60,2.30,5.00,1.15,3.45,0.00,0.00,1.15
710,3.15,2.10,0.00,5.00,2.10,1.10,0.00,5.00
712,3.60,1.80,4.50,0.80,2.70,0.00,0.00,0.80
714,4.00,2.00,5.00,0.85,3.00,0.00,0.00,0.85
715,2.85,1.90,0.00,4.50,1.90,0.90,0.00,4.50
716,1.80,0.00,0.00,1.60,0.90,0.00,1.60,4.00
717,5.00,1.00,5.00,1.00,2.00,0.00,0.00,2.00
720,3.80,1.90,4.75,0.90,2.85,0.00,0.00,0.90
721,5.00,1.05,5.00,1.10,2.10,0.00,0.00,2.20
722,4.00,2.00,5.00,1.00,3.00,0.00,0.00,1.00
723,3.80,1.90,4.75,0.90,2.85,0.00,0.00,0.90
724,5.00,1.05,5.00,1.10,2.10,0.00,0.00,2.20
725,4.75,4.75,0.95,1.80,4.75,0.00,2.70,1.80
727,3.80,3.80,0.00,4.50,2.85,0.90,0.00,4.50
728,4.20,2.10,5.00,1.10,3.15,0.00,0.00,1.10
729,4.60,2.30,5.00,1.15,3.45,0.00,0.00,1.15
730,4.00,4.00,0.00,5.00,3.00,1.00,0.00,5.00
731,4.20,4.20,1.05,2.20,5.00,0.00,2.20,1.10
732,4.20,2.10,5.00,1.10,3.15,0.00,0.00,1.10
733,5.00,5.00,1.05,1.90,5.00,0.00,2.85,1.90
734,4.00,4.00,1.00,2.00,5.00,0.00,2.00,1.00
738,5.00,1.05,5.00,1.10,2.10,0.00,0.00,1.10
741,2.85,1.90,0.00,4.50,1.90,0.90,0.00,4.50
742,4.00,4.00,0.00,5.00,3.00,1.00,0.00,5.00
743,5.00,5.00,1.00,2.00,5.00,0.00,3.00,2.00
744,2.00,0.00,0.00,2.00,1.00,0.00,2.00,5.00
746,4.00,2.00,5.00,1.00,3.00,0.00,0.00,1.00
747,4.80,2.40,5.00,1.25,3.60,0.00,0.00,1.25
749,5.00,1.00,5.00,1.00,2.00,0.00,0.00,1.00
752,3.00,2.00,0.00,5.00,2.00,1.00,0.00,5.00
754,4.00,2.00,5.00,1.00,3.00,0.00,0.00,1.00
757,4.75,0.95,4.75,0.90,1.90,0.00,0.00,1.80
758,1.80,0.00,0.00,1.60,0.90,0.00,1.60,4.00
760,4.00,3.00,5.00,2.00,3.00,0.00,0.00,0.00
762,5.00,1.00,5.00,1.00,2.00,0.00,0.00,2.00
763,3.00,2.00,0.00,4.25,2.00,0.85,0.00,4.25
764,5.00,1.00,5.00,1.00,2.00,0.00,0.00,2.00
766,5.00,1.00,5.00,1.00,2.00,0.00,0.00,1.00
769,2.00,0.00,0.00,2.00,1.00,0.00,2.00,5.00
771,5.00,1.05,5.00,1.10,2.10,0.00,0.00,2.20
772,2.10,0.00,0.00,2.20,1.05,0.00,2.20,5.00
773,3.30,2.20,0.00,5.00,2.20,1.20,0.00,5.00
775,5.00,5.00,1.10,2.40,5.00,0.00,3.60,2.40
776,4.20,4.20,1.05,2.20,5.00,0.00,2.20,1.10
780,3.15,2.10,0.00,5.00,2.10,1.10,0.00,5.00
781,4.00,2.00,5.00,0.85,3.00,0.00,0.00,0.85
783,4.75,0.95,4.75,0.90,1.90,0.00,0.00,0.90
784,2.70,1.80,0.00,4.00,1.80,0.80,0.00,4.00
785,3.80,1.90,4.75,0.90,2.85,0.00,0.00,0.90
786,4.40,2.20,5.00,1.05,3.30,0.00,0.00,1.05
787,4.00,4.00,1.00,2.00,5.00,0.00,2.00,1.00
789,4.20,2.10,5.00,1.10,3.15,0.00,0.00,1.10
791,3.15,2.10,0.00,5.00,2.10,1.10,0.00,5.00
792,1.90,0.00,0.00,1.80,0.95,0.00,1.80,4.50
793,5.00,1.00,5.00,1.00,2.00,0.00,0.00,2.00
796,4.00,2.00,5.00,1.00,3.00,0.00,0.00,1.00
797,3.15,2.10,0.00,5.00,2.10,1.10,0.00,5.00
799,5.00,5.00,1.05,2.20,5.00,0.00,3.30,2.20
800,3.60,1.80,4.50,0.80,2.70,0.00,0.00,0.80
802,2.70,1.80,0.00,4.00,1.80,0.80,0.00,4.00
803,5.00,5.00,1.05,2.20,5.00,0.00,3.30,2.20
804,3.15,2.10,0.00,5.00,2.10,1.10,0.00,5.00
805,5.00,1.05,5.00,1.10,2.10,0.00,0.00,1.10
806,2.20,0.00,0.00,2.10,1.10,0.00,2.10,5.00
807,5.00,1.05,5.00,0.95,2.10,0.00,0.00,1.90
808,3.80,1.90,4.75,0.90,2.85,0.00,0.00,0.90
809,4.00,4.00,1.00,2.00,5.00,0.00,2.00,1.00
811,2.20,0.00,0.00,2.10,1.10,0.00,2.10,5.00
812,2.00,0.00,0.00,2.00,1.00,0.00,2.00,5.00
813,2.30,0.00,0.00,2.30,1.15,0.00,2.30,5.00
815,4.00,4.00,0.00,5.00,3.00,1.00,0.00,5.00
816,1.90,0.00,0.00,1.80,0.95,0.00,1.80,4.50
817,4.00,4.00,0.00,5.00,3.00,1.00,0.00,5.00
819,4.00,2.00,5.00,1.00,3.00,0.00,0.00,1.00
820,3.80,3.80,0.95,1.80,4.75,0.00,1.80,0.90
823,5.00,5.00,1.00,2.00,5.00,0.00,3.00,2.00
824,3.15,2.10,0.00,4.75,2.10,0.95,0.00,4.75
825,4.20,4.20,0.00,5.00,3.15,1.10,0.00,5.00
826,3.15,2.10,0.00,5.00,2.10,1.10,0.00,5.00
827,4.75,4.75,0.95,1.80,4.75,0.00,2.70,1.80
828,3.15,2.10,0.00,5.00,2.10,1.10,0.00,5.00
829,4.00,3.00,5.00,2.00,3.00,0.00,0.00,0.00
830,5.00,5.00,1.00,2.00,5.00,0.00,3.00,2.00
832,2.10,0.00,0.00,2.20,1.05,0.00,2.20,5.00
833,5.00,5.00,1.10,2.10,5.00,0.00,3.15,2.10
834,3.00,2.00,0.00,5.00,2.00,1.00,0.00,5.00
836,5.00,5.00,1.00,2.00,5.00,0.00,3.00,2.00
837,5.00,1.00,5.00,1.00,2.00,0.00,0.00,2.00
838,3.15,2.10,0.00,5.00,2.10,1.10,0.00,5.00
840,4.00,2.00,5.00,1.00,3.00,0.00,0.00,1.00
842,3.60,1.80,4.50,0.80,2.70,0.00,0.00,0.80
843,4.20,4.20,0.00,4.75,3.15,0.95,0.00,4.75
844,3.60,3.60,0.00,4.00,2.70,0.80,0.00,4.00
845,5.00,5.00,1.10,2.10,5.00,0.00,3.15,2.10
846,4.60,2.30,5.00,1.15,3.45,0.00,0.00,1.15
847,3.80,2.85,4.75,1.80,2.85,0.00,0.00,0.00
848,2.85,1.90,0.00,4.50,1.90,0.90,0.00,4.50
850,3.00,2.00,0.00,5.00,2.00,1.00,0.00,5.00
851,4.20,4.20,1.05,2.20,5.00,0.00,2.20,1.10
852,5.00,1.00,5.00,1.00,2.00,0.00,0.00,2.00
854,2.70,1.80,0.00,4.00,1.80,0.80,0.00,4.00
855,4.40,2.20,5.00,1.05,3.30,0.00,0.00,1.05
856,2.70,1.80,0.00,4.00,1.80,0.80,0.00,4.00
857,3.80,1.90,4.75,0.90,2.85,0.00,0.00,0.90
859,4.20,2.10,5.00,1.10,3.15,0.00,0.00,1.10
861,3.15,2.10,0.00,5.00,2.10,1.10,0.00,5.00
862,3.80,1.90,4.75,0.90,2.85,0.00,0.00,0.90
864,4.00,2.00,5.00,1.00,3.00,0.00,0.00,1.00
865,2.85,1.90,0.00,4.50,1.90,0.90,0.00,4.50
867,5.00,5.00,1.15,2.30,5.00,0.00,3.45,2.30
868,4.20,2.10,5.00,1.10,3.15,0.00,0.00,1.10
869,3.80,2.85,4.75,1.80,2.85,0.00,0.00,0.00
872,5.00,5.00,1.05,1.90,5.00,0.00,2.85,1.90
874,2.30,0.00,0.00,2.30,1.15,0.00,2.30,5.00
875,2.70,1.80,0.00,4.00,1.80,0.80,0.00,4.00
878,4.40,3.30,5.00,2.10,3.30,0.00,0.00,0.00
879,3.60,1.80,4.50,0.80,2.70,0.00,0.00,0.80
880,5.00,5.00,1.10,2.10,5.00,0.00,3.15,2.10
881,3.15,2.10,0.00,5.00,2.10,1.10,0.00,5.00
882,2.00,0.00,0.00,2.00,1.00,0.00,2.00,5.00
885,3.60,1.80,4.50,0.80,2.70,0.00,0.00,0.80
887,3.00,2.00,0.00,5.00,2.00,1.00,0.00,5.00
888,1.80,0.00,0.00,1.60,0.90,0.00,1.60,4.00
889,3.80,1.90,4.75,0.90,2.85,0.00,0.00,0.90
893,5.00,1.00,5.00,1.00,2.00,0.00,0.00,1.00
894,2.00,0.00,0.00,2.00,1.00,0.00,2.00,5.00
895,3.15,2.10,0.00,5.00,2.10,1.10,0.00,5.00
896,5.00,1.00,5.00,1.00,2.00,0.00,0.00,1.00
897,4.00,2.00,5.00,1.00,3.00,0.00,0.00,1.00
899,5.00,5.00,1.00,2.00,5.00,0.00,3.00,2.00
900,4.75,0.95,4.75,0.90,1.90,0.00,0.00,0.90
901,4.20,4.20,0.00,5.00,3.15,1.10,0.00,5.00
902,5.00,1.00,5.00,1.00,2.00,0.00,0.00,2.00
903,4.20,2.10,5.00,0.95,3.15,0.00,0.00,0.95
904,3.80,1.90,4.75,0.90,2.85,0.00,0.00,0.90
905,4.20,4.20,1.05,2.20,5.00,0.00,2.20,1.10
909,4.00,3.00,5.00,2.00,3.00,0.00,0.00,0.00
910,3.80,2.85,4.75,1.80,2.85,0.00,0.00,0.00
911,2.30,0.00,0.00,2.30,1.15,0.00,2.30,5.00
912,1.80,0.00,0.00,1.60,0.90,0.00,1.60,4.00
913,2.85,1.90,0.00,4.50,1.90,0.90,0.00,4.50
916,4.20,2.10,5.00,1.10,3.15,0.00,0.00,1.10
918,1.80,0.00,0.00,1.60,0.90,0.00,1.60,4.00
920,5.00,5.00,1.10,2.10,5.00,0.00,3.15,2.10
922,5.00,1.00,5.00,1.00,2.00,0.00,0.00,1.00
923,2.70,1.80,0.00,4.00,1.80,0.80,0.00,4.00
924,4.50,0.90,4.50,0.80,1.80,0.00,0.00,1.60
925,5.00,1.05,5.00,1.10,2.10,0.00,0.00,1.10
926,4.50,4.50,0.90,1.60,4.50,0.00,2.40,1.60
927,2.10,0.00,0.00,2.20,1.05,0.00,2.20,5.00
930,3.00,2.00,0.00,5.00,2.00,1.00,0.00,5.00
932,2.20,0.00,0.00,2.10,1.10,0.00,2.10,5.00
933,3.00,2.00,0.00,5.00,2.00,1.00,0.00,5.00
934,2.00,0.00,0.00,2.00,1.00,0.00,2.00,5.00
936,3.80,1.90,4.75,0.90,2.85,0.00,0.00,0.90
939,3.15,2.10,0.00,5.00,2.10,1.10,0.00,5.00
940,5.00,1.00,5.00,1.00,2.00,0.00,0.00,2.00
941,5.00,1.05,5.00,1.10,2.10,0.00,0.00,1.10
942,5.00,1.00,5.00,0.85,2.00,0.00,0.00,1.70
944,1.90,0.00,0.00,1.80,0.95,0.00,1.80,4.50
945,3.15,2.10,0.00,5.00,2.10,1.10,0.00,5.00
947,3.80,1.90,4.75,0.90,2.85,0.00,0.00,0.90
949,3.15,2.10,0.00,5.00,2.10,1.10,0.00,5.00
950,4.00,4.00,0.00,5.00,3.00,1.00,0.00,5.00
951,2.20,0.00,0.00,2.10,1.10,0.00,2.10,5.00
952,4.75,0.95,4.75,0.90,1.90,0.00,0.00,0.90
954,4.20,2.10,5.00,1.10,3.15,0.00,0.00,1.10
956,4.00,2.00,5.00,1.00,3.00,0.00,0.00,1.00
957,2.00,0.00,0.00,2.00,1.00,0.00,2.00,5.00
958,2.30,0.00,0.00,2.30,1.15,0.00,2.30,5.00
959,5.00,1.00,5.00,1.00,2.00,0.00,0.00,1.00
960,2.00,0.00,0.00,2.00,1.00,0.00,2.00,5.00
961,5.00,1.00,5.00,1.00,2.00,0.00,0.00,2.00
964,3.15,2.10,0.00,5.00,2.10,1.10,0.00,5.00
966,5.00,5.00,1.05,2.20,5.00,0.00,3.30,2.20
967,3.60,1.80,4.50,0.80,2.70,0.00,0.00,0.80
969,5.00,1.00,5.00,1.00,2.00,0.00,0.00,2.00
970,4.20,2.10,5.00,1.10,3.15,0.00,0.00,1.10
972,1.90,0.00,0.00,1.80,0.95,0.00,1.80,4.50
974,5.00,1.00,5.00,1.00,2.00,0.00,0.00,1.00
975,4.00,2.00,5.00,1.00,3.00,0.00,0.00,1.00
976,3.80,3.80,0.95,1.80,4.75,0.00,1.80,0.90
977,3.30,2.20,0.00,5.00,2.20,1.05,0.00,5.00
981,3.80,3.80,0.95,1.80,4.75,0.00,1.80,0.90
982,3.80,1.90,4.75,0.90,2.85,0.00,0.00,0.90
983,4.00,2.00,5.00,1.00,3.00,0.00,0.00,1.00
984,4.20,2.10,5.00,1.10,3.15,0.00,0.00,1.10
985,4.40,2.20,5.00,1.20,3.30,0.00,0.00,1.20
986,4.00,2.00,5.00,1.00,3.00,0.00,0.00,1.00
987,5.00,5.00,1.05,2.20,5.00,0.00,3.30,2.20
990,4.20,2.10,5.00,1.10,3.15,0.00,0.00,1.10
991,3.15,2.10,0.00,4.75,2.10,0.95,0.00,4.75
992,4.00,4.00,1.00,2.00,5.00,0.00,2.00,1.00
994,3.30,2.20,0.00,5.00,2.20,1.05,0.00,5.00
995,2.70,1.80,0.00,4.00,1.80,0.80,0.00,4.00
996,2.10,0.00,0.00,2.20,1.05,0.00,2.20,5.00
997,4.20,4.20,0.00,4.75,3.15,0.95,0.00,4.75
998,5.00,1.05,5.00,1.10,2.10,0.00,0.00,2.20
999,4.00,4.00,0.00,5.00,3.00,1.00,0.00,5.00
1001,2.10,0.00,0.00,2.20,1.05,0.00,2.20,5.00
1002,1.90,0.00,0.00,1.80,0.95,0.00,1.80,4.50
1003,3.80,1.90,4.75,0.90,2.85,0.00,0.00,0.90
1004,3.00,2.00,0.00,5.00,2.00,1.00,0.00,5.00
1005,5.00,5.00,1.00,2.00,5.00,0.00,3.00,2.00
1006,2.70,1.80,0.00,4.00,1.80,0.80,0.00,4.00
1007,4.75,4.75,0.95,1.80,4.75,0.00,2.70,1.80
1009,4.50,4.50,0.90,1.60,4.50,0.00,2.40,1.60
1010,2.30,0.00,0.00,2.30,1.15,0.00,2.30,5.00
1011,4.50,4.50,0.90,1.60,4.50,0.00,2.40,1.60
1012,2.85,1.90,0.00,4.50,1.90,0.90,0.00,4.50
1013,5.00,5.00,1.00,2.00,5.00,0.00,3.00,2.00
1014,5.00,1.05,5.00,1.10,2.10,0.00,0.00,2.20
1015,3.80,3.80,0.00,4.50,2.85,0.90,0.00,4.50
1016,3.00,2.00,0.00,5.00,2.00,1.00,0.00,5.00
1017,2.00,0.00,0.00,2.00,1.00,0.00,2.00,5.00
1018,4.75,4.75,0.95,1.80,4.75,0.00,2.70,1.80
1019,1.80,0.00,0.00,1.60,0.90,0.00,1.60,4.00
1022,5.00,1.00,5.00,1.00,2.00,0.00,0.00,2.00
1024,5.00,1.05,5.00,1.10,2.10,0.00,0.00,2.20
1025,4.75,4.75,0.95,1.80,4.75,0.00,2.70,1.80
1026,4.50,4.50,0.90,1.60,4.50,0.00,2.40,1.60
1027,5.00,5.00,1.05,2.20,5.00,0.00,3.30,2.20
1028,2.20,0.00,0.00,2.10,1.10,0.00,2.10,5.00
1029,3.80,3.80,0.95,1.80,4.75,0.00,1.80,0.90
1030,2.00,0.00,0.00,2.00,1.00,0.00,2.00,5.00
1032,5.00,5.00,1.00,2.00,5.00,0.00,3.00,2.00
1033,4.75,0.95,4.75,0.90,1.90,0.00,0.00,1.80
1034,5.00,1.05,5.00,1.10,2.10,0.00,0.00,2.20
1035,4.00,4.00,0.00,4.25,3.00,0.85,0.00,4.25
1036,4.20,2.10,5.00,1.10,3.15,0.00,0.00,1.10
1037,3.80,1.90,4.75,0.90,2.85,0.00,0.00,0.90
1038,3.60,3.60,0.90,1.60,4.50,0.00,1.60,0.80
1039,4.00,2.00,5.00,1.00,3.00,0.00,0.00,1.00
1040,4.00,2.00,5.00,1.00,3.00,0.00,0.00,1.00
1042,2.10,0.00,0.00,2.20,1.05,0.00,2.20,5.00
1043,5.00,5.00,1.00,2.00,5.00,0.00,3.00,2.00
1044,4.50,0.90,4.50,0.80,1.80,0.00,0.00,0.80
1045,3.80,3.80,0.95,1.80,4.75,0.00,1.80,0.90
1046,2.10,0.00,0.00,2.20,1.05,0.00,2.20,5.00
1047,4.20,2.10,5.00,1.10,3.15,0.00,0.00,1.10
1048,3.80,3.80,0.95,1.80,4.75,0.00,1.80,0.90
1049,4.20,3.15,5.00,2.20,3.15,0.00,0.00,0.00
1050,4.00,2.00,5.00,1.00,3.00,0.00,0.00,1.00
1052,2.00,0.00,0.00,2.00,1.00,0.00,2.00,5.00
1053,3.00,2.00,0.00,5.00,2.00,1.00,0.00,5.00
1055,5.00,1.05,5.00,1.10,2.10,0.00,0.00,1.10
1056,5.00,1.00,5.00,0.85,2.00,0.00,0.00,0.85
1060,3.15,2.10,0.00,5.00,2.10,1.10,0.00,5.00
1061,4.20,4.20,0.00,5.00,3.15,1.10,0.00,5.00
1062,5.00,1.00,5.00,1.00,2.00,0.00,0.00,2.00
1066,4.00,2.00,5.00,1.00,3.00,0.00,0.00,1.00
1068,2.70,1.80,0.00,4.00,1.80,0.80,0.00,4.00
1069,4.20,4.20,0.00,5.00,3.15,1.10,0.00,5.00
1070,4.20,2.10,5.00,1.10,3.15,0.00,0.00,1.10
1071,3.00,2.00,0.00,5.00,2.00,1.00,0.00,5.00
1073,5.00,5.00,1.10,2.40,5.00,0.00,3.60,2.40
1074,3.60,3.60,0.90,1.60,4.50,0.00,1.60,0.80
1076,4.00,2.00,5.00,1.00,3.00,0.00,0.00,1.00
1077,5.00,1.00,5.00,1.00,2.00,0.00,0.00,1.00
1079,2.00,0.00,0.00,2.00,1.00,0.00,2.00,5.00
1080,3.45,2.30,0.00,5.00,2.30,1.15,0.00,5.00
1081,3.15,2.10,0.00,5.00,2.10,1.10,0.00,5.00
1082,4.75,0.95,4.75,0.90,1.90,0.00,0.00,1.80
1083,1.90,0.00,0.00,1.80,0.95,0.00,1.80,4.50
1084,5.00,5.00,1.00,2.00,5.00,0.00,3.00,2.00
1085,2.85,1.90,0.00,4.50,1.90,0.90,0.00,4.50
1088,4.50,0.90,4.50,0.80,1.80,0.00,0.00,1.60
1092,5.00,1.15,5.00,1.15,2.30,0.00,0.00,2.30
1094,2.20,0.00,0.00,2.40,1.10,0.00,2.40,5.00
1096,4.50,4.50,0.90,1.60,4.50,0.00,2.40,1.60
1097,3.00,2.00,0.00,5.00,2.00,1.00,0.00,5.00
1098,3.80,2.85,4.75,1.80,2.85,0.00,0.00,0.00
1099,5.00,1.00,5.00,1.00,2.00,0.00,0.00,2.00
1100,4.40,2.20,5.00,1.05,3.30,0.00,0.00,1.05
1101,3.45,2.30,0.00,5.00,2.30,1.15,0.00,5.00
1102,1.90,0.00,0.00,1.80,0.95,0.00,1.80,4.50
1103,4.50,0.90,4.50,0.80,1.80,0.00,0.00,1.60
1105,4.20,2.10,5.00,1.10,3.15,0.00,0.00,1.10
1106,1.80,0.00,0.00,1.60,0.90,0.00,1.60,4.00
1107,2.20,0.00,0.00,2.10,1.10,0.00,2.10,5.00
1108,3.30,2.20,0.00,5.00,2.20,1.05,0.00,5.00
1109,3.80,3.80,0.95,1.80,4.75,0.00,1.80,0.90
1111,2.00,0.00,0.00,2.00,1.00,0.00,2.00,5.00
1113,4.20,2.10,5.00,1.10,3.15,0.00,0.00,1.10
1114,4.00,2.00,5.00,1.00,3.00,0.00,0.00,1.00
1115,3.15,2.10,0.00,5.00,2.10,1.10,0.00,5.00
1116,4.60,4.60,1.15,2.30,5.00,0.00,2.30,1.15
1117,4.20,2.10,5.00,1.10,3.15,0.00,0.00,1.10
1118,5.00,1.05,5.00,1.10,2.10,0.00,0.00,2.20
1119,4.20,2.10,5.00,1.10,3.15,0.00,0.00,1.10
1120,3.45,2.30,0.00,5.00,2.30,1.15,0.00,5.00
1121,5.00,5.00,1.00,2.00,5.00,0.00,3.00,2.00
1124,3.60,3.60,0.90,1.60,4.50,0.00,1.60,0.80
1125,3.80,1.90,4.75,0.90,2.85,0.00,0.00,0.90
1126,5.00,5.00,1.00,2.00,5.00,0.00,3.00,2.00
1127,5.00,1.00,5.00,1.00,2.00,0.00,0.00,2.00
1128,4.00,4.00,0.00,5.00,3.00,1.00,0.00,5.00
1131,2.70,1.80,0.00,4.00,1.80,0.80,0.00,4.00
1132,2.00,0.00,0.00,2.00,1.00,0.00,2.00,5.00
1133,5.00,5.00,1.15,2.30,5.00,0.00,3.45,2.30
1135,5.00,1.00,5.00,1.00,2.00,0.00,0.00,1.00
1136,2.70,1.80,0.00,4.00,1.80,0.80,0.00,4.00
1137,3.80,1.90,4.75,0.90,2.85,0.00,0.00,0.90
1138,4.20,2.10,5.00,1.10,3.15,0.00,0.00,1.10
1140,4.75,4.75,0.95,1.80,4.75,0.00,2.70,1.80
1143,3.00,2.00,0.00,5.00,2.00,1.00,0.00,5.00
1148,2.00,0.00,0.00,2.00,1.00,0.00,2.00,5.00
1150,4.50,4.50,0.90,1.60,4.50,0.00,2.40,1.60
1152,4.00,3.00,5.00,2.00,3.00,0.00,0.00,0.00
1154,3.00,2.00,0.00,5.00,2.00,1.00,0.00,5.00
1156,1.80,0.00,0.00,1.60,0.90,0.00,1.60,4.00
1157,4.20,2.10,5.00,1.10,3.15,0.00,0.00,1.10
1158,2.10,0.00,0.00,2.20,1.05,0.00,2.20,5.00
1160,2.00,0.00,0.00,2.00,1.00,0.00,2.00,5.00
1161,4.75,0.95,4.75,0.90,1.90,0.00,0.00,1.80
1162,3.00,2.00,0.00,5.00,2.00,1.00,0.00,5.00
1163,4.00,2.00,5.00,0.85,3.00,0.00,0.00,0.85
1164,4.20,3.15,5.00,2.20,3.15,0.00,0.00,0.00
1165,3.60,1.80,4.50,0.80,2.70,0.00,0.00,0.80
1166,4.20,4.20,0.00,5.00,3.15,1.10,0.00,5.00
1167,4.00,2.00,5.00,1.00,3.00,0.00,0.00,1.00
1171,4.20,2.10,5.00,1.10,3.15,0.00,0.00,1.10
1172,2.10,0.00,0.00,2.20,1.05,0.00,2.20,5.00
1173,2.20,0.00,0.00,2.10,1.10,0.00,2.10,5.00
1175,1.80,0.00,0.00,1.60,0.90,0.00,1.60,4.00
1177,2.30,0.00,0.00,2.30,1.15,0.00,2.30,5.00
1179,4.00,2.00,5.00,1.00,3.00,0.00,0.00,1.00
1180,2.85,1.90,0.00,4.50,1.90,0.90,0.00,4.50
1182,5.00,5.00,1.00,2.00,5.00,0.00,3.00,2.00
1184,5.00,1.10,5.00,1.05,2.20,0.00,0.00,2.10
1185,2.10,0.00,0.00,2.20,1.05,0.00,2.20,5.00
1188,4.00,2.00,5.00,1.00,3.00,0.00,0.00,1.00
1190,4.50,0.90,4.50,0.80,1.80,0.00,0.00,0.80
1191,4.20,4.20,1.05,2.20,5.00,0.00,2.20,1.10
1192,1.80,0.00,0.00,1.60,0.90,0.00,1.60,4.00
1193,3.15,2.10,0.00,4.75,2.10,0.95,0.00,4.75
1195,3.00,2.00,0.00,5.00,2.00,1.00,0.00,5.00
1196,5.00,5.00,1.00,2.00,5.00,0.00,3.00,2.00
1198,2.00,0.00,0.00,2.00,1.00,0.00,2.00,5.00
1200,3.15,2.10,0.00,5.00,2.10,1.10,0.00,5.00
1201,3.80,3.80,0.95,1.80,4.75,0.00,1.80,0.90
1202,2.70,1.80,0.00,4.00,1.80,0.80,0.00,4.00
1203,3.15,2.10,0.00,5.00,2.10,1.10,0.00,5.00
1204,4.40,4.40,1.10,2.10,5.00,0.00,2.10,1.05
1206,3.00,2.00,0.00,5.00,2.00,1.00,0.00,5.00
1207,4.00,3.00,5.00,2.00,3.00,0.00,0.00,0.00
1210,2.85,1.90,0.00,4.50,1.90,0.90,0.00,4.50
1211,4.20,2.10,5.00,1.10,3.15,0.00,0.00,1.10
1212,4.20,2.10,5.00,1.10,3.15,0.00,0.00,1.10
1215,4.40,4.40,1.10,2.10,5.00,0.00,2.10,1.05
1216,2.10,0.00,0.00,2.20,1.05,0.00,2.20,5.00
1217,3.80,3.80,0.00,4.50,2.85,0.90,0.00,4.50
1218,4.20,2.10,5.00,1.10,3.15,0.00,0.00,1.10
1219,1.90,0.00,0.00,1.80,0.95,0.00,1.80,4.50
1220,4.00,2.00,5.00,1.00,3.00,0.00,0.00,1.00
1221,2.10,0.00,0.00,2.20,1.05,0.00,2.20,5.00
1224,2.10,0.00,0.00,2.20,1.05,0.00,2.20,5.00
1225,3.45,2.30,0.00,5.00,2.30,1.15,0.00,5.00
1226,5.00,1.00,5.00,1.00,2.00,0.00,0.00,1.00
1228,5.00,5.00,1.05,2.20,5.00,0.00,3.30,2.20
1231,4.40,3.30,5.00,2.40,3.30,0.00,0.00,0.00
1233,4.20,2.10,5.00,1.10,3.15,0.00,0.00,1.10
1234,2.20,0.00,0.00,2.10,1.10,0.00,2.10,5.00
1235,2.85,1.90,0.00,4.50,1.90,0.90,0.00,4.50
1237,5.00,5.00,1.10,2.10,5.00,0.00,3.15,2.10
1238,3.00,2.00,0.00,5.00,2.00,1.00,0.00,5.00
1239,4.00,2.00,5.00,1.00,3.00,0.00,0.00,1.00
1240,4.20,2.10,5.00,1.10,3.15,0.00,0.00,1.10
1241,3.30,2.20,0.00,5.00,2.20,1.05,0.00,5.00
1242,4.40,4.40,0.00,5.00,3.30,1.20,0.00,5.00
1243,3.80,1.90,4.75,0.90,2.85,0.00,0.00,0.90
1244,3.00,2.00,0.00,5.00,2.00,1.00,0.00,5.00
1245,5.00,5.00,1.05,2.20,5.00,0.00,3.30,2.20
1246,2.70,1.80,0.00,4.00,1.80,0.80,0.00,4.00
1248,3.30,2.20,0.00,5.00,2.20,1.05,0.00,5.00
1249,3.00,2.00,0.00,5.00,2.00,1.00,0.00,5.00
1250,4.00,4.00,0.00,5.00,3.00,1.00,0.00,5.00
1251,4.75,0.95,4.75,0.90,1.90,0.00,0.00,1.80
1252,5.00,1.00,5.00,1.00,2.00,0.00,0.00,2.00
1254,4.00,2.00,5.00,1.00,3.00,0.00,0.00,1.00
1255,4.00,4.00,0.00,5.00,3.00,1.00,0.00,5.00
1256,3.80,3.80,0.95,1.80,4.75,0.00,1.80,0.90
1257,3.00,2.00,0.00,5.00,2.00,1.00,0.00,5.00
1258,1.90,0.00,0.00,1.80,0.95,0.00,1.80,4.50
1259,2.85,1.90,0.00,4.50,1.90,0.90,0.00,4.50
1260,5.00,1.00,5.00,1.00,2.00,0.00,0.00,2.00
1263,4.00,4.00,0.00,5.00,3.00,1.00,0.00,5.00
1264,4.00,4.00,0.00,5.00,3.00,1.00,0.00,5.00
1265,3.00,2.00,0.00,5.00,2.00,1.00,0.00,5.00
1267,4.00,4.00,1.00,2.00,5.00,0.00,2.00,1.00
1268,4.40,2.20,5.00,1.20,3.30,0.00,0.00,1.20
1269,3.00,2.00,0.00,5.00,2.00,1.00,0.00,5.00
1270,3.15,2.10,0.00,4.75,2.10,0.95,0.00,4.75
1273,4.50,0.90,4.50,0.80,1.80,0.00,0.00,0.80
1275,3.15,2.10,0.00,4.75,2.10,0.95,0.00,4.75
1277,4.00,4.00,1.00,2.00,5.00,0.00,2.00,1.00
1278,4.50,0.90,4.50,0.80,1.80,0.00,0.00,1.60
1279,2.10,0.00,0.00,1.90,1.05,0.00,1.90,4.75
1280,3.80,3.80,0.95,1.80,4.75,0.00,1.80,0.90
1281,4.00,2.00,5.00,1.00,3.00,0.00,0.00,1.00
1282,4.40,4.40,1.10,2.10,5.00,0.00,2.10,1.05
1283,5.00,5.00,1.05,2.20,5.00,0.00,3.30,2.20
1285,2.00,0.00,0.00,2.00,1.00,0.00,2.00,5.00
1286,2.10,0.00,0.00,2.20,1.05,0.00,2.20,5.00
1288,3.80,3.80,0.95,1.80,4.75,0.00,1.80,0.90
1289,4.00,3.00,5.00,2.00,3.00,0.00,0.00,0.00
1291,2.70,1.80,0.00,4.00,1.80,0.80,0.00,4.00
1292,3.15,2.10,0.00,5.00,2.10,1.10,0.00,5.00
1293,4.20,2.10,5.00,1.10,3.15,0.00,0.00,1.10
1294,5.00,5.00,1.05,2.20,5.00,0.00,3.30,2.20
1295,5.00,1.00,5.00,1.00,2.00,0.00,0.00,2.00
1296,2.00,0.00,0.00,2.00,1.00,0.00,2.00,5.00
1297,1.90,0.00,0.00,1.80,0.95,0.00,1.80,4.50
1298,4.75,4.75,0.95,1.80,4.75,0.00,2.70,1.80
1299,2.00,0.00,0.00,2.00,1.00,0.00,2.00,5.00
1301,3.00,2.00,0.00,5.00,2.00,1.00,0.00,5.00
1303,3.00,2.00,0.00,5.00,2.00,1.00,0.00,5.00
1304,4.00,2.00,5.00,1.00,3.00,0.00,0.00,1.00
1306,4.40,4.40,1.10,2.10,5.00,0.00,2.10,1.05
1307,4.20,4.20,1.05,2.20,5.00,0.00,2.20,1.10
1308,3.15,2.10,0.00,5.00,2.10,1.10,0.00,5.00
1309,1.90,0.00,0.00,1.80,0.95,0.00,1.80,4.50
1310,3.00,2.00,0.00,5.00,2.00,1.00,0.00,5.00
1311,2.00,0.00,0.00,2.00,1.00,0.00,2.00,5.00
1312,5.00,1.05,5.00,1.10,2.10,0.00,0.00,2.20
1314,3.80,2.85,4.75,1.80,2.85,0.00,0.00,0.00
1315,2.00,0.00,0.00,2.00,1.00,0.00,2.00,5.00
1317,4.00,4.00,0.00,5.00,3.00,1.00,0.00,5.00
1318,4.20,2.10,5.00,1.10,3.15,0.00,0.00,1.10
1319,4.00,2.00,5.00,1.00,3.00,0.00,0.00,1.00
1321,4.60,4.60,1.15,2.30,5.00,0.00,2.30,1.15
1322,4.75,4.75,0.95,1.80,4.75,0.00,2.70,1.80
1324,4.20,2.10,5.00,1.10,3.15,0.00,0.00,1.10
1329,3.80,1.90,4.75,0.90,2.85,0.00,0.00,0.90
1331,5.00,1.00,5.00,1.00,2.00,0.00,0.00,1.00
1333,2.00,0.00,0.00,2.00,1.00,0.00,2.00,5.00
1334,3.60,3.60,0.90,1.60,4.50,0.00,1.60,0.80
1336,3.80,3.80,0.95,1.80,4.75,0.00,1.80,0.90
1338,4.20,4.20,1.05,2.20,5.00,0.00,2.20,1.10
1340,2.85,1.90,0.00,4.50,1.90,0.90,0.00,4.50
1344,5.00,1.00,5.00,1.00,2.00,0.00,0.00,2.00
1346,3.00,2.00,0.00,5.00,2.00,1.00,0.00,5.00
1349,4.00,2.00,5.00,1.00,3.00,0.00,0.00,1.00
1350,3.15,2.10,0.00,5.00,2.10,1.10,0.00,5.00
1352,4.00,4.00,1.00,2.00,5.00,0.00,2.00,1.00
1355,3.80,1.90,4.75,0.90,2.85,0.00,0.00,0.90
1356,3.80,1.90,4.75,0.90,2.85,0.00,0.00,0.90
1358,1.80,0.00,0.00,1.60,0.90,0.00,1.60,4.00
1360,5.00,5.00,1.05,2.20,5.00,0.00,3.30,2.20
1361,2.30,0.00,0.00,2.30,1.15,0.00,2.30,5.00
1362,4.00,2.00,5.00,1.00,3.00,0.00,0.00,1.00
1363,5.00,5.00,1.00,2.00,5.00,0.00,3.00,2.00
1364,5.00,1.00,5.00,1.00,2.00,0.00,0.00,1.00
1367,4.75,4.75,0.95,1.80,4.75,0.00,2.70,1.80
1368,2.00,0.00,0.00,2.00,1.00,0.00,2.00,5.00
1369,2.00,0.00,0.00,2.00,1.00,0.00,2.00,5.00
1371,4.00,2.00,5.00,0.85,3.00,0.00,0.00,0.85
1372,4.20,2.10,5.00,1.10,3.15,0.00,0.00,1.10
1373,5.00,5.00,1.00,2.00,5.00,0.00,3.00,2.00
1374,3.00,2.00,0.00,4.25,2.00,0.85,0.00,4.25
1375,5.00,1.00,5.00,0.85,2.00,0.00,0.00,1.70
1377,2.00,0.00,0.00,2.00,1.00,0.00,2.00,5.00
1379,5.00,1.00,5.00,1.00,2.00,0.00,0.00,1.00
1380,4.20,2.10,5.00,1.10,3.15,0.00,0.00,1.10
1382,3.00,2.00,0.00,5.00,2.00,1.00,0.00,5.00
1383,5.00,1.05,5.00,1.10,2.10,0.00,0.00,2.20
1387,4.00,2.00,5.00,1.00,3.00,0.00,0.00,1.00
1389,5.00,5.00,1.05,2.20,5.00,0.00,3.30,2.20
1390,4.20,2.10,5.00,1.10,3.15,0.00,0.00,1.10
1391,4.00,2.00,5.00,1.00,3.00,0.00,0.00,1.00
1392,3.00,2.00,0.00,5.00,2.00,1.00,0.00,5.00
1394,2.70,1.80,0.00,4.00,1.80,0.80,0.00,4.00
1395,3.60,1.80,4.50,0.80,2.70,0.00,0.00,0.80
1396,3.60,1.80,4.50,0.80,2.70,0.00,0.00,0.80
1397,5.00,1.05,5.00,0.95,2.10,0.00,0.00,1.90
1399,3.60,1.80,4.50,0.80,2.70,0.00,0.00,0.80
1401,4.75,4.75,0.95,1.80,4.75,0.00,2.70,1.80
1402,3.00,2.00,0.00,5.00,2.00,1.00,0.00,5.00
1403,4.00,2.00,5.00,1.00,3.00,0.00,0.00,1.00
1405,3.15,2.10,0.00,5.00,2.10,1.10,0.00,5.00
1407,2.70,1.80,0.00,4.00,1.80,0.80,0.00,4.00
1408,4.00,4.00,1.00,2.00,5.00,0.00,2.00,1.00
1409,2.10,0.00,0.00,2.20,1.05,0.00,2.20,5.00
1411,2.00,0.00,0.00,2.00,1.00,0.00,2.00,5.00
1412,4.75,4.75,0.95,1.80,4.75,0.00,2.70,1.80
1415,2.00,0.00,0.00,2.00,1.00,0.00,2.00,5.00
1417,2.00,0.00,0.00,2.00,1.00,0.00,2.00,5.00
1419,4.00,3.00,5.00,2.00,3.00,0.00,0.00,0.00
1420,2.10,0.00,0.00,1.90,1.05,0.00,1.90,4.75
1421,4.50,0.90,4.50,0.80,1.80,0.00,0.00,1.60
1422,4.00,4.00,0.00,5.00,3.00,1.00,0.00,5.00
1423,4.40,4.40,0.00,5.00,3.30,1.05,0.00,5.00
1424,4.20,4.20,0.00,5.00,3.15,1.10,0.00,5.00
1425,4.20,2.10,5.00,1.10,3.15,0.00,0.00,1.10
1427,5.00,1.05,5.00,1.10,2.10,0.00,0.00,1.10
1428,4.20,2.10,5.00,1.10,3.15,0.00,0.00,1.10
1430,4.40,4.40,0.00,5.00,3.30,1.20,0.00,5.00
1431,3.15,2.10,0.00,5.00,2.10,1.10,0.00,5.00
1433,3.00,2.00,0.00,5.00,2.00,1.00,0.00,5.00
1434,1.80,0.00,0.00,1.60,0.90,0.00,1.60,4.00
1435,2.10,0.00,0.00,2.20,1.05,0.00,2.20,5.00
1436,4.20,2.10,5.00,1.10,3.15,0.00,0.00,1.10
1438,3.00,2.00,0.00,5.00,2.00,1.00,0.00,5.00
1439,4.75,0.95,4.75,0.90,1.90,0.00,0.00,0.90
1440,1.90,0.00,0.00,1.80,0.95,0.00,1.80,4.50
1441,3.15,2.10,0.00,4.75,2.10,0.95,0.00,4.75
1443,4.20,4.20,0.00,5.00,3.15,1.10,0.00,5.00
1445,3.60,1.80,4.50,0.80,2.70,0.00,0.00,0.80
1446,4.40,2.20,5.00,1.20,3.30,0.00,0.00,1.20
1447,2.00,0.00,0.00,2.00,1.00,0.00,2.00,5.00
1448,3.30,2.20,0.00,5.00,2.20,1.20,0.00,5.00
1449,2.10,0.00,0.00,2.20,1.05,0.00,2.20,5.00
1453,3.80,1.90,4.75,0.90,2.85,0.00,0.00,0.90
1457,4.00,2.00,5.00,1.00,3.00,0.00,0.00,1.00
1458,2.20,0.00,0.00,2.10,1.10,0.00,2.10,5.00
1459,5.00,5.00,1.10,2.40,5.00,0.00,3.60,2.40
1460,5.00,1.00,5.00,1.00,2.00,0.00,0.00,2.00
1461,3.80,2.85,4.75,1.80,2.85,0.00,0.00,0.00
1464,2.00,0.00,0.00,2.00,1.00,0.00,2.00,5.00
1465,5.00,5.00,1.00,2.00,5.00,0.00,3.00,2.00
1466,4.00,2.00,5.00,1.00,3.00,0.00,0.00,1.00
1467,4.20,3.15,5.00,2.20,3.15,0.00,0.00,0.00
1468,3.60,3.60,0.00,4.00,2.70,0.80,0.00,4.00
1469,4.00,2.00,5.00,1.00,3.00,0.00,0.00,1.00
1471,2.00,0.00,0.00,2.00,1.00,0.00,2.00,5.00
1472,4.00,4.00,0.00,5.00,3.00,1.00,0.00,5.00
1473,5.00,1.05,5.00,1.10,2.10,0.00,0.00,2.20
1474,3.00,2.00,0.00,5.00,2.00,1.00,0.00,5.00
1475,3.00,2.00,0.00,5.00,2.00,1.00,0.00,5.00
1477,4.00,2.00,5.00,1.00,3.00,0.00,0.00,1.00
1478,4.00,2.00,5.00,1.00,3.00,0.00,0.00,1.00
1479,3.60,1.80,4.50,0.80,2.70,0.00,0.00,0.80
1480,1.90,0.00,0.00,1.80,0.95,0.00,1.80,4.50
1481,4.40,2.20,5.00,1.20,3.30,0.00,0.00,1.20
1482,3.00,2.00,0.00,5.00,2.00,1.00,0.00,5.00
1483,3.15,2.10,0.00,4.75,2.10,0.95,0.00,4.75
1484,5.00,1.05,5.00,1.10,2.10,0.00,0.00,2.20
1485,4.00,4.00,0.00,5.00,3.00,1.00,0.00,5.00
1486,5.00,1.00,5.00,1.00,2.00,0.00,0.00,1.00
1487,4.00,2.00,5.00,1.00,3.00,0.00,0.00,1.00
1489,4.60,2.30,5.00,1.15,3.45,0.00,0.00,1.15
1492,4.50,0.90,4.50,0.80,1.80,0.00,0.00,0.80
1494,2.00,0.00,0.00,2.00,1.00,0.00,2.00,5.00
1495,4.75,0.95,4.75,0.90,1.90,0.00,0.00,0.90
1496,4.50,4.50,0.90,1.60,4.50,0.00,2.40,1.60
1497,4.00,2.00,5.00,1.00,3.00,0.00,0.00,1.00
1499,4.40,3.30,5.00,2.10,3.30,0.00,0.00,0.00
1501,5.00,1.05,5.00,1.10,2.10,0.00,0.00,2.20
1502,2.10,0.00,0.00,2.20,1.05,0.00,2.20,5.00
1503,4.00,2.00,5.00,1.00,3.00,0.00,0.00,1.00
1504,1.90,0.00,0.00,1.80,0.95,0.00,1.80,4.50
1506,3.00,2.00,0.00,5.00,2.00,1.00,0.00,5.00
1507,4.00,2.00,5.00,1.00,3.00,0.00,0.00,1.00
1509,2.10,0.00,0.00,1.90,1.05,0.00,1.90,4.75
1513,1.80,0.00,0.00,1.60,0.90,0.00,1.60,4.00
1514,4.50,4.50,0.90,1.60,4.50,0.00,2.40,1.60
1515,5.00,1.10,5.00,1.20,2.20,0.00,0.00,2.40
1516,4.40,4.40,1.10,2.10,5.00,0.00,2.10,1.05
1520,4.60,4.60,1.15,2.30,5.00,0.00,2.30,1.15
1522,3.15,2.10,0.00,5.00,2.10,1.10,0.00,5.00
1523,4.00,4.00,0.00,5.00,3.00,1.00,0.00,5.00
1525,5.00,5.00,1.00,2.00,5.00,0.00,3.00,2.00
1527,4.00,4.00,1.00,2.00,5.00,0.00,2.00,1.00
1529,5.00,1.00,5.00,1.00,2.00,0.00,0.00,2.00
1533,1.80,0.00,0.00,1.60,0.90,0.00,1.60,4.00
1534,2.10,0.00,0.00,2.20,1.05,0.00,2.20,5.00
1535,4.00,2.00,5.00,1.00,3.00,0.00,0.00,1.00
1537,3.00,2.00,0.00,5.00,2.00,1.00,0.00,5.00
1539,4.40,4.40,0.00,5.00,3.30,1.20,0.00,5.00
1541,5.00,1.05,5.00,0.95,2.10,0.00,0.00,0.95
1542,2.00,0.00,0.00,2.00,1.00,0.00,2.00,5.00
1543,3.00,2.00,0.00,5.00,2.00,1.00,0.00,5.00
1544,4.50,0.90,4.50,0.80,1.80,0.00,0.00,1.60
1545,5.00,5.00,1.00,2.00,5.00,0.00,3.00,2.00
1546,3.30,2.20,0.00,5.00,2.20,1.05,0.00,5.00
1547,5.00,1.00,5.00,1.00,2.00,0.00,0.00,2.00
1548,3.80,1.90,4.75,0.90,2.85,0.00,0.00,0.90
1549,2.10,0.00,0.00,2.20,1.05,0.00,2.20,5.00
1550,4.20,4.20,1.05,1.90,5.00,0.00,1.90,0.95
1551,1.90,0.00,0.00,1.80,0.95,0.00,1.80,4.50
1552,4.75,0.95,4.75,0.90,1.90,0.00,0.00,1.80
1553,5.00,1.05,5.00,1.10,2.10,0.00,0.00,2.20
1554,5.00,1.15,5.00,1.15,2.30,0.00,0.00,1.15
1555,2.85,1.90,0.00,4.50,1.90,0.90,0.00,4.50
1556,5.00,1.15,5.00,1.15,2.30,0.00,0.00,1.15
1557,4.20,2.10,5.00,1.10,3.15,0.00,0.00,1.10
1558,3.00,2.00,0.00,5.00,2.00,1.00,0.00,5.00
1560,4.20,2.10,5.00,1.10,3.15,0.00,0.00,1.10
1562,4.00,2.00,5.00,1.00,3.00,0.00,0.00,1.00
1563,4.20,3.15,5.00,2.20,3.15,0.00,0.00,0.00
1564,2.00,0.00,0.00,2.00,1.00,0.00,2.00,5.00
1568,4.20,2.10,5.00,1.10,3.15,0.00,0.00,1.10
1569,2.00,0.00,0.00,2.00,1.00,0.00,2.00,5.00
1572,5.00,5.00,1.10,2.40,5.00,0.00,3.60,2.40
1573,5.00,5.00,1.00,2.00,5.00,0.00,3.00,2.00
1574,3.15,2.10,0.00,5.00,2.10,1.10,0.00,5.00
1576,3.15,2.10,0.00,5.00,2.10,1.10,0.00,5.00
1577,3.15,2.10,0.00,5.00,2.10,1.10,0.00,5.00
1578,4.80,4.80,1.20,2.50,5.00,0.00,2.50,1.25
1580,3.15,2.10,0.00,5.00,2.10,1.10,0.00,5.00
1581,3.30,2.20,0.00,5.00,2.20,1.05,0.00,5.00
1582,4.00,2.00,5.00,1.00,3.00,0.00,0.00,1.00
1583,4.00,2.00,5.00,1.00,3.00,0.00,0.00,1.00
1585,4.20,2.10,5.00,1.10,3.15,0.00,0.00,1.10
1586,1.80,0.00,0.00,1.60,0.90,0.00,1.60,4.00
1587,5.00,1.05,5.00,1.10,2.10,0.00,0.00,2.20
1588,4.00,2.00,5.00,1.00,3.00,0.00,0.00,1.00
1590,4.50,0.90,4.50,0.80,1.80,0.00,0.00,1.60
1591,4.00,4.00,1.00,2.00,5.00,0.00,2.00,1.00
1592,3.00,2.00,0.00,5.00,2.00,1.00,0.00,5.00
1594,2.10,0.00,0.00,2.20,1.05,0.00,2.20,5.00
1595,4.20,4.20,1.05,1.90,5.00,0.00,1.90,0.95
1596,2.00,0.00,0.00,2.00,1.00,0.00,2.00,5.00
1597,5.00,1.05,5.00,1.10,2.10,0.00,0.00,2.20
1598,3.80,1.90,4.75,0.90,2.85,0.00,0.00,0.90
1599,2.00,0.00,0.00,2.00,1.00,0.00,2.00,5.00
1601,1.90,0.00,0.00,1.80,0.95,0.00,1.80,4.50
1602,4.20,4.20,1.05,2.20,5.00,0.00,2.20,1.10
1604,2.00,0.00,0.00,2.00,1.00,0.00,2.00,5.00
1605,2.85,1.90,0.00,4.50,1.90,0.90,0.00,4.50
1606,5.00,1.10,5.00,1.20,2.20,0.00,0.00,2.40
1607,3.15,2.10,0.00,5.00,2.10,1.10,0.00,5.00
1608,4.00,4.00,0.00,5.00,3.00,1.00,0.00,5.00
1609,3.00,2.00,0.00,5.00,2.00,1.00,0.00,5.00
1611,2.20,0.00,0.00,2.40,1.10,0.00,2.40,5.00
1612,4.00,2.00,5.00,1.00,3.00,0.00,0.00,1.00
1613,4.20,2.10,5.00,1.10,3.15,0.00,0.00,1.10
1614,5.00,5.00,1.05,2.20,5.00,0.00,3.30,2.20
1615,5.00,5.00,1.05,2.20,5.00,0.00,3.30,2.20
1617,2.10,0.00,0.00,2.20,1.05,0.00,2.20,5.00
1618,5.00,5.00,1.10,2.40,5.00,0.00,3.60,2.40
1619,2.00,0.00,0.00,2.00,1.00,0.00,2.00,5.00
1621,3.30,2.20,0.00,5.00,2.20,1.20,0.00,5.00
1622,5.00,5.00,1.10,2.10,5.00,0.00,3.15,2.10
1623,2.70,1.80,0.00,4.00,1.80,0.80,0.00,4.00
1624,4.75,0.95,4.75,0.90,1.90,0.00,0.00,0.90
1625,4.20,4.20,1.05,2.20,5.00,0.00,2.20,1.10
1627,1.90,0.00,0.00,1.80,0.95,0.00,1.80,4.50
1628,5.00,5.00,1.00,2.00,5.00,0.00,3.00,2.00
1630,5.00,1.05,5.00,1.10,2.10,0.00,0.00,2.20
1631,5.00,5.00,1.00,2.00,5.00,0.00,3.00,2.00
1633,5.00,5.00,1.00,2.00,5.00,0.00,3.00,2.00
1635,4.75,4.75,0.95,1.80,4.75,0.00,2.70,1.80
1638,4.75,4.75,0.95,1.80,4.75,0.00,2.70,1.80
1639,4.00,2.00,5.00,1.00,3.00,0.00,0.00,1.00
1640,3.00,2.00,0.00,5.00,2.00,1.00,0.00,5.00
1641,5.00,5.00,1.00,2.00,5.00,0.00,3.00,2.00
1642,4.40,3.30,5.00,2.40,3.30,0.00,0.00,0.00
1644,4.80,4.80,1.20,2.50,5.00,0.00,2.50,1.25
1645,3.80,1.90,4.75,0.90,2.85,0.00,0.00,0.90
1646,2.70,1.80,0.00,4.00,1.80,0.80,0.00,4.00
1647,3.00,2.00,0.00,5.00,2.00,1.00,0.00,5.00
1648,3.00,2.00,0.00,5.00,2.00,1.00,0.00,5.00
1649,2.00,0.00,0.00,2.00,1.00,0.00,2.00,5.00
1650,4.00,2.00,5.00,1.00,3.00,0.00,0.00,1.00
1651,5.00,1.05,5.00,1.10,2.10,0.00,0.00,2.20
1653,4.50,4.50,0.90,1.60,4.50,0.00,2.40,1.60
1654,5.00,5.00,1.10,2.10,5.00,0.00,3.15,2.10
1655,4.20,4.20,0.00,5.00,3.15,1.10,0.00,5.00
1656,4.40,4.40,0.00,5.00,3.30,1.20,0.00,5.00
1657,5.00,1.00,5.00,1.00,2.00,0.00,0.00,1.00
1658,3.00,2.00,0.00,5.00,2.00,1.00,0.00,5.00
1659,2.00,0.00,0.00,2.00,1.00,0.00,2.00,5.00
1661,4.50,0.90,4.50,0.80,1.80,0.00,0.00,1.60
1662,5.00,5.00,1.05,2.20,5.00,0.00,3.30,2.20
1664,5.00,1.05,5.00,0.95,2.10,0.00,0.00,1.90
1665,4.80,4.80,1.20,2.50,5.00,0.00,2.50,1.25
1666,4.20,4.20,0.00,4.75,3.15,0.95,0.00,4.75
1667,4.60,2.30,5.00,1.15,3.45,0.00,0.00,1.15
1668,3.00,2.00,0.00,5.00,2.00,1.00,0.00,5.00
1669,4.00,2.00,5.00,1.00,3.00,0.00,0.00,1.00
1670,4.20,2.10,5.00,1.10,3.15,0.00,0.00,1.10
1671,3.00,2.00,0.00,5.00,2.00,1.00,0.00,5.00
1673,4.20,2.10,5.00,1.10,3.15,0.00,0.00,1.10
1674,2.00,0.00,0.00,2.00,1.00,0.00,2.00,5.00
1675,2.20,0.00,0.00,2.10,1.10,0.00,2.10,5.00
1676,4.20,4.20,1.05,2.20,5.00,0.00,2.20,1.10
1677,4.00,4.00,1.00,2.00,5.00,0.00,2.00,1.00
1678,3.80,1.90,4.75,0.90,2.85,0.00,0.00,0.90
1680,4.50,0.90,4.50,0.80,1.80,0.00,0.00,0.80
1681,4.40,2.20,5.00,1.05,3.30,0.00,0.00,1.05
1682,5.00,1.05,5.00,1.10,2.10,0.00,0.00,2.20
1683,4.00,3.00,5.00,2.00,3.00,0.00,0.00,0.00
1684,1.80,0.00,0.00,1.60,0.90,0.00,1.60,4.00
1687,1.90,0.00,0.00,1.80,0.95,0.00,1.80,4.50
1689,5.00,1.05,5.00,1.10,2.10,0.00,0.00,2.20
1691,4.75,0.95,4.75,0.90,1.90,0.00,0.00,0.90
1692,2.10,0.00,0.00,2.20,1.05,0.00,2.20,5.00
1693,2.20,0.00,0.00,2.10,1.10,0.00,2.10,5.00
1694,3.00,2.00,0.00,5.00,2.00,1.00,0.00,5.00
1696,1.90,0.00,0.00,1.80,0.95,0.00,1.80,4.50
1697,5.00,1.15,5.00,1.15,2.30,0.00,0.00,2.30
1698,2.00,0.00,0.00,2.00,1.00,0.00,2.00,5.00
1700,4.20,2.10,5.00,1.10,3.15,0.00,0.00,1.10
1701,3.00,2.00,0.00,5.00,2.00,1.00,0.00,5.00
1702,5.00,1.10,5.00,1.05,2.20,0.00,0.00,1.05
1703,5.00,1.00,5.00,1.00,2.00,0.00,0.00,2.00
1704,3.15,2.10,0.00,5.00,2.10,1.10,0.00,5.00
1706,4.00,2.00,5.00,1.00,3.00,0.00,0.00,1.00
1707,3.00,2.00,0.00,5.00,2.00,1.00,0.00,5.00
1708,4.00,2.00,5.00,1.00,3.00,0.00,0.00,1.00
1709,2.10,0.00,0.00,2.20,1.05,0.00,2.20,5.00
1710,5.00,1.05,5.00,1.10,2.10,0.00,0.00,1.10
1712,5.00,1.00,5.00,0.85,2.00,0.00,0.00,1.70
1714,3.60,2.70,4.50,1.60,2.70,0.00,0.00,0.00
1716,4.00,2.00,5.00,1.00,3.00,0.00,0.00,1.00
1718,2.10,0.00,0.00,2.20,1.05,0.00,2.20,5.00
1719,3.80,3.80,0.00,4.50,2.85,0.90,0.00,4.50
1720,3.00,2.00,0.00,5.00,2.00,1.00,0.00,5.00
1721,2.10,0.00,0.00,2.20,1.05,0.00,2.20,5.00
1722,4.00,3.00,5.00,2.00,3.00,0.00,0.00,0.00
1724,4.75,4.75,0.95,1.80,4.75,0.00,2.70,1.80
1725,1.80,0.00,0.00,1.60,0.90,0.00,1.60,4.00
1727,5.00,1.05,5.00,1.10,2.10,0.00,0.00,2.20
1728,5.00,5.00,1.05,2.20,5.00,0.00,3.30,2.20
1729,2.70,1.80,0.00,4.00,1.80,0.80,0.00,4.00
1731,4.20,2.10,5.00,1.10,3.15,0.00,0.00,1.10
1732,4.00,2.00,5.00,1.00,3.00,0.00,0.00,1.00
1733,4.40,2.20,5.00,1.20,3.30,0.00,0.00,1.20
1734,3.80,1.90,4.75,0.90,2.85,0.00,0.00,0.90
1735,1.80,0.00,0.00,1.60,0.90,0.00,1.60,4.00
1736,5.00,5.00,1.00,1.70,5.00,0.00,2.55,1.70
1737,2.00,0.00,0.00,2.00,1.00,0.00,2.00,5.00
1739,4.00,2.00,5.00,1.00,3.00,0.00,0.00,1.00
1740,4.20,4.20,1.05,2.20,5.00,0.00,2.20,1.10
1744,4.40,3.30,5.00,2.10,3.30,0.00,0.00,0.00
1745,3.15,2.10,0.00,5.00,2.10,1.10,0.00,5.00
1746,4.00,3.00,5.00,2.00,3.00,0.00,0.00,0.00
1747,4.00,3.00,5.00,2.00,3.00,0.00,0.00,0.00
1749,4.00,2.00,5.00,1.00,3.00,0.00,0.00,1.00
1751,3.00,2.00,0.00,5.00,2.00,1.00,0.00,5.00
1752,5.00,1.00,5.00,1.00,2.00,0.00,0.00,1.00
1753,5.00,1.00,5.00,1.00,2.00,0.00,0.00,2.00
1754,3.80,1.90,4.75,0.90,2.85,0.00,0.00,0.90
1755,3.15,2.10,0.00,5.00,2.10,1.10,0.00,5.00
1756,4.00,2.00,5.00,1.00,3.00,0.00,0.00,1.00
1757,4.20,2.10,5.00,1.10,3.15,0.00,0.00,1.10
1758,4.40,2.20,5.00,1.05,3.30,0.00,0.00,1.05
1760,1.90,0.00,0.00,1.80,0.95,0.00,1.80,4.50
1761,4.20,2.10,5.00,1.10,3.15,0.00,0.00,1.10
1762,3.00,2.00,0.00,5.00,2.00,1.00,0.00,5.00
1763,5.00,1.00,5.00,1.00,2.00,0.00,0.00,2.00
1764,3.15,2.10,0.00,5.00,2.10,1.10,0.00,5.00
1766,5.00,1.00,5.00,1.00,2.00,0.00,0.00,2.00
1767,3.00,2.00,0.00,5.00,2.00,1.00,0.00,5.00
1768,2.20,0.00,0.00,2.10,1.10,0.00,2.10,5.00
1770,4.00,4.00,0.00,5.00,3.00,1.00,0.00,5.00
1771,3.00,2.00,0.00,5.00,2.00,1.00,0.00,5.00
1772,2.30,0.00,0.00,2.30,1.15,0.00,2.30,5.00
1774,4.00,2.00,5.00,1.00,3.00,0.00,0.00,1.00
1775,5.00,5.00,1.15,2.30,5.00,0.00,3.45,2.30
1778,4.00,3.00,5.00,2.00,3.00,0.00,0.00,0.00
1779,3.80,1.90,4.75,0.90,2.85,0.00,0.00,0.90
1780,4.50,0.90,4.50,0.80,1.80,0.00,0.00,0.80
1782,1.90,0.00,0.00,1.80,0.95,0.00,1.80,4.50
1783,1.80,0.00,0.00,1.60,0.90,0.00,1.60,4.00
1784,4.20,2.10,5.00,1.10,3.15,0.00,0.00,1.10
1786,4.00,4.00,1.00,2.00,5.00,0.00,2.00,1.00
1787,3.80,1.90,4.75,0.90,2.85,0.00,0.00,0.90
1789,4.20,4.20,0.00,5.00,3.15,1.10,0.00,5.00
1790,5.00,1.00,5.00,1.00,2.00,0.00,0.00,2.00
1792,2.85,1.90,0.00,4.50,1.90,0.90,0.00,4.50
1794,3.80,2.85,4.75,1.80,2.85,0.00,0.00,0.00
1797,4.00,2.00,5.00,1.00,3.00,0.00,0.00,1.00
1798,3.15,2.10,0.00,5.00,2.10,1.10,0.00,5.00
1799,3.00,2.00,0.00,5.00,2.00,1.00,0.00,5.00
1800,4.00,4.00,0.00,4.25,3.00,0.85,0.00,4.25
1801,3.80,1.90,4.75,0.90,2.85,0.00,0.00,0.90
1802,1.90,0.00,0.00,1.80,0.95,0.00,1.80,4.50
1803,5.00,1.00,5.00,1.00,2.00,0.00,0.00,2.00
1804,4.75,4.75,0.95,1.80,4.75,0.00,2.70,1.80
1805,4.00,3.00,5.00,2.00,3.00,0.00,0.00,0.00
1807,2.10,0.00,0.00,2.20,1.05,0.00,2.20,5.00
1809,5.00,5.00,1.05,2.20,5.00,0.00,3.30,2.20
1812,4.00,2.00,5.00,1.00,3.00,0.00,0.00,1.00
1813,3.00,2.00,0.00,5.00,2.00,1.00,0.00,5.00
1814,5.00,1.00,5.00,1.00,2.00,0.00,0.00,2.00
1815,3.60,1.80,4.50,0.80,2.70,0.00,0.00,0.80
1816,5.00,5.00,1.00,2.00,5.00,0.00,3.00,2.00
1818,3.80,2.85,4.75,1.80,2.85,0.00,0.00,0.00
1821,5.00,1.05,5.00,0.95,2.10,0.00,0.00,1.90
1822,5.00,1.00,5.00,1.00,2.00,0.00,0.00,2.00
1823,4.20,2.10,5.00,0.95,3.15,0.00,0.00,0.95
1824,4.40,4.40,1.10,2.10,5.00,0.00,2.10,1.05
1826,2.10,0.00,0.00,2.20,1.05,0.00,2.20,5.00
1827,5.00,5.00,1.00,2.00,5.00,0.00,3.00,2.00
1829,5.00,1.00,5.00,1.00,2.00,0.00,0.00,2.00
1830,3.15,2.10,0.00,5.00,2.10,1.10,0.00,5.00
1833,4.20,2.10,5.00,1.10,3.15,0.00,0.00,1.10
1834,3.30,2.20,0.00,5.00,2.20,1.05,0.00,5.00
1835,5.00,1.15,5.00,1.15,2.30,0.00,0.00,1.15
1836,4.00,2.00,5.00,1.00,3.00,0.00,0.00,1.00
1837,4.20,4.20,0.00,5.00,3.15,1.10,0.00,5.00
1839,3.00,2.00,0.00,5.00,2.00,1.00,0.00,5.00
1842,4.40,3.30,5.00,2.40,3.30,0.00,0.00,0.00
1844,4.00,3.00,5.00,2.00,3.00,0.00,0.00,0.00
1845,4.60,2.30,5.00,1.15,3.45,0.00,0.00,1.15
1847,3.45,2.30,0.00,5.00,2.30,1.15,0.00,5.00
1849,4.60,2.30,5.00,1.15,3.45,0.00,0.00,1.15
1850,1.90,0.00,0.00,1.80,0.95,0.00,1.80,4.50
1852,1.80,0.00,0.00,1.60,0.90,0.00,1.60,4.00
1853,4.20,2.10,5.00,1.10,3.15,0.00,0.00,1.10
1854,3.45,2.30,0.00,5.00,2.30,1.15,0.00,5.00
1856,2.10,0.00,0.00,2.20,1.05,0.00,2.20,5.00
1857,4.75,4.75,0.95,1.80,4.75,0.00,2.70,1.80
1858,3.80,2.85,4.75,1.80,2.85,0.00,0.00,0.00
1859,4.50,0.90,4.50,0.80,1.80,0.00,0.00,1.60
1860,2.00,0.00,0.00,2.00,1.00,0.00,2.00,5.00
1862,4.20,2.10,5.00,1.10,3.15,0.00,0.00,1.10
1863,4.00,2.00,5.00,1.00,3.00,0.00,0.00,1.00
1864,5.00,1.00,5.00,0.85,2.00,0.00,0.00,0.85
1865,3.60,2.70,4.50,1.60,2.70,0.00,0.00,0.00
1866,4.00,4.00,1.00,2.00,5.00,0.00,2.00,1.00
1867,4.00,4.00,0.00,5.00,3.00,1.00,0.00,5.00
1868,3.15,2.10,0.00,4.75,2.10,0.95,0.00,4.75
1869,4.40,2.20,5.00,1.05,3.30,0.00,0.00,1.05
1870,3.00,2.00,0.00,5.00,2.00,1.00,0.00,5.00
1871,3.15,2.10,0.00,5.00,2.10,1.10,0.00,5.00
1873,3.45,2.30,0.00,5.00,2.30,1.15,0.00,5.00
1875,5.00,1.00,5.00,1.00,2.00,0.00,0.00,1.00
1876,5.00,1.00,5.00,1.00,2.00,0.00,0.00,1.00
1878,3.00,2.00,0.00,4.25,2.00,0.85,0.00,4.25
1880,4.20,2.10,5.00,1.10,3.15,0.00,0.00,1.10
1881,2.00,0.00,0.00,2.00,1.00,0.00,2.00,5.00
1882,4.00,2.00,5.00,1.00,3.00,0.00,0.00,1.00
1883,2.00,0.00,0.00,2.00,1.00,0.00,2.00,5.00
1885,3.45,2.30,0.00,5.00,2.30,1.15,0.00,5.00
1886,4.75,4.75,0.95,1.80,4.75,0.00,2.70,1.80
1888,4.75,4.75,0.95,1.80,4.75,0.00,2.70,1.80
1890,4.00,3.00,5.00,1.70,3.00,0.00,0.00,0.00
1892,4.20,4.20,1.05,2.20,5.00,0.00,2.20,1.10
1893,2.85,1.90,0.00,4.50,1.90,0.90,0.00,4.50
1898,3.80,1.90,4.75,0.90,2.85,0.00,0.00,0.90
1900,4.00,4.00,1.00,2.00,5.00,0.00,2.00,1.00
1903,5.00,1.05,5.00,1.10,2.10,0.00,0.00,2.20
1905,3.45,2.30,0.00,5.00,2.30,1.15,0.00,5.00
1907,1.90,0.00,0.00,1.80,0.95,0.00,1.80,4.50
1908,3.80,1.90,4.75,0.90,2.85,0.00,0.00,0.90
1909,4.40,2.20,5.00,1.05,3.30,0.00,0.00,1.05
1911,4.00,4.00,0.00,5.00,3.00,1.00,0.00,5.00
1912,3.80,1.90,4.75,0.90,2.85,0.00,0.00,0.90
1915,3.60,1.80,4.50,0.80,2.70,0.00,0.00,0.80
1916,2.00,0.00,0.00,2.00,1.00,0.00,2.00,5.00
1918,2.00,0.00,0.00,2.00,1.00,0.00,2.00,5.00
1922,5.00,1.05,5.00,1.10,2.10,0.00,0.00,2.20
1924,4.20,2.10,5.00,1.10,3.15,0.00,0.00,1.10
1927,3.80,1.90,4.75,0.90,2.85,0.00,0.00,0.90
1928,5.00,1.00,5.00,1.00,2.00,0.00,0.00,1.00
1929,4.20,2.10,5.00,1.10,3.15,0.00,0.00,1.10
1931,3.15,2.10,0.00,5.00,2.10,1.10,0.00,5.00
1932,3.15,2.10,0.00,5.00,2.10,1.10,0.00,5.00
1933,3.80,1.90,4.75,0.90,2.85,0.00,0.00,0.90
1934,3.15,2.10,0.00,5.00,2.10,1.10,0.00,5.00
1935,4.40,2.20,5.00,1.20,3.30,0.00,0.00,1.20
1936,5.00,5.00,1.05,1.90,5.00,0.00,2.85,1.90
1937,3.00,2.00,0.00,5.00,2.00,1.00,0.00,5.00
1938,4.00,4.00,1.00,2.00,5.00,0.00,2.00,1.00
1939,2.85,1.90,0.00,4.50,1.90,0.90,0.00,4.50
1940,2.85,1.90,0.00,4.50,1.90,0.90,0.00,4.50
1941,3.60,3.60,0.00,4.00,2.70,0.80,0.00,4.00
1943,4.20,2.10,5.00,1.10,3.15,0.00,0.00,1.10
1944,4.00,3.00,5.00,2.00,3.00,0.00,0.00,0.00
1945,4.20,2.10,5.00,1.10,3.15,0.00,0.00,1.10
1947,3.00,2.00,0.00,5.00,2.00,1.00,0.00,5.00
1948,2.85,1.90,0.00,4.50,1.90,0.90,0.00,4.50
1949,2.30,0.00,0.00,2.30,1.15,0.00,2.30,5.00
1950,4.40,2.20,5.00,1.05,3.30,0.00,0.00,1.05
1951,4.20,2.10,5.00,1.10,3.15,0.00,0.00,1.10
1952,2.00,0.00,0.00,2.00,1.00,0.00,2.00,5.00
1954,5.00,1.00,5.00,1.00,2.00,0.00,0.00,2.00
1955,5.00,1.05,5.00,1.10,2.10,0.00,0.00,2.20
1956,3.30,2.20,0.00,5.00,2.20,1.05,0.00,5.00
1960,2.00,0.00,0.00,2.00,1.00,0.00,2.00,5.00
1961,5.00,1.00,5.00,1.00,2.00,0.00,0.00,1.00
1962,4.20,2.10,5.00,1.10,3.15,0.00,0.00,1.10
1965,4.00,2.00,5.00,1.00,3.00,0.00,0.00,1.00
1966,5.00,5.00,1.15,2.30,5.00,0.00,3.45,2.30
1967,4.20,2.10,5.00,1.10,3.15,0.00,0.00,1.10
1968,4.20,2.10,5.00,1.10,3.15,0.00,0.00,1.10
1969,2.85,1.90,0.00,4.50,1.90,0.90,0.00,4.50
1970,5.00,1.05,5.00,0.95,2.10,0.00,0.00,1.90
1971,5.00,1.00,5.00,1.00,2.00,0.00,0.00,2.00
1972,4.20,3.15,5.00,2.20,3.15,0.00,0.00,0.00
1973,4.20,4.20,1.05,2.20,5.00,0.00,2.20,1.10
1974,1.80,0.00,0.00,1.60,0.90,0.00,1.60,4.00
1975,4.20,2.10,5.00,1.10,3.15,0.00,0.00,1.10
1976,2.85,1.90,0.00,4.50,1.90,0.90,0.00,4.50
1979,4.40,4.40,0.00,5.00,3.30,1.05,0.00,5.00
1980,5.00,5.00,1.00,2.00,5.00,0.00,3.00,2.00
1981,4.75,0.95,4.75,0.90,1.90,0.00,0.00,1.80
1982,1.90,0.00,0.00,1.80,0.95,0.00,1.80,4.50
1985,2.00,0.00,0.00,2.00,1.00,0.00,2.00,5.00
1986,3.80,1.90,4.75,0.90,2.85,0.00,0.00,0.90
1987,4.00,3.00,5.00,2.00,3.00,0.00,0.00,0.00
1989,1.90,0.00,0.00,1.80,0.95,0.00,1.80,4.50
1992,1.80,0.00,0.00,1.60,0.90,0.00,1.60,4.00
1993,5.00,1.10,5.00,1.05,2.20,0.00,0.00,2.10
1994,1.90,0.00,0.00,1.80,0.95,0.00,1.80,4.50
1995,4.20,2.10,5.00,1.10,3.15,0.00,0.00,1.10
1996,4.75,0.95,4.75,0.90,1.90,0.00,0.00,0.90
1997,5.00,5.00,1.05,2.20,5.00,0.00,3.30,2.20
1998,3.15,2.10,0.00,5.00,2.10,1.10,0.00,5.00
1999,3.30,2.20,0.00,5.00,2.20,1.05,0.00,5.00
2000,3.60,3.60,0.00,4.00,2.70,0.80,0.00,4.00
2003,2.10,0.00,0.00,2.20,1.05,0.00,2.20,5.00
2007,2.85,1.90,0.00,4.50,1.90,0.90,0.00,4.50
2008,3.15,2.10,0.00,5.00,2.10,1.10,0.00,5.00
2009,4.75,0.95,4.75,0.90,1.90,0.00,0.00,1.80
2010,2.10,0.00,0.00,2.20,1.05,0.00,2.20,5.00
2012,2.10,0.00,0.00,2.20,1.05,0.00,2.20,5.00
2013,5.00,1.05,5.00,1.10,2.10,0.00,0.00,1.10
2014,2.70,1.80,0.00,4.00,1.80,0.80,0.00,4.00
2015,4.00,4.00,0.00,5.00,3.00,1.00,0.00,5.00
2016,4.20,2.10,5.00,1.10,3.15,0.00,0.00,1.10
2017,4.40,4.40,0.00,5.00,3.30,1.05,0.00,5.00
2018,4.20,2.10,5.00,0.95,3.15,0.00,0.00,0.95
2019,5.00,1.05,5.00,1.10,2.10,0.00,0.00,1.10
2020,3.00,2.00,0.00,5.00,2.00,1.00,0.00,5.00
2021,4.50,0.90,4.50,0.80,1.80,0.00,0.00,0.80
2022,4.00,4.00,1.00,2.00,5.00,0.00,2.00,1.00
2023,5.00,1.00,5.00,1.00,2.00,0.00,0.00,1.00
2024,4.00,2.00,5.00,1.00,3.00,0.00,0.00,1.00
2025,4.75,4.75,0.95,1.80,4.75,0.00,2.70,1.80
2026,5.00,1.15,5.00,1.15,2.30,0.00,0.00,2.30
2027,3.15,2.10,0.00,5.00,2.10,1.10,0.00,5.00
2031,4.00,4.00,1.00,2.00,5.00,0.00,2.00,1.00
2032,1.90,0.00,0.00,1.80,0.95,0.00,1.80,4.50
2034,5.00,5.00,1.15,2.30,5.00,0.00,3.45,2.30
2035,4.40,2.20,5.00,1.05,3.30,0.00,0.00,1.05
2036,4.60,2.30,5.00,1.15,3.45,0.00,0.00,1.15
2037,4.00,2.00,5.00,1.00,3.00,0.00,0.00,1.00
2038,3.00,2.00,0.00,5.00,2.00,1.00,0.00,5.00
2040,4.20,3.15,5.00,2.20,3.15,0.00,0.00,0.00
2041,3.80,1.90,4.75,0.90,2.85,0.00,0.00,0.90
2044,4.20,2.10,5.00,1.10,3.15,0.00,0.00,1.10
2045,4.20,2.10,5.00,1.10,3.15,0.00,0.00,1.10
2046,4.00,2.00,5.00,1.00,3.00,0.00,0.00,1.00
2048,3.15,2.10,0.00,5.00,2.10,1.10,0.00,5.00
2049,5.00,1.05,5.00,1.10,2.10,0.00,0.00,2.20
2051,3.15,2.10,0.00,5.00,2.10,1.10,0.00,5.00
2052,3.15,2.10,0.00,5.00,2.10,1.10,0.00,5.00
2053,1.90,0.00,0.00,1.80,0.95,0.00,1.80,4.50
2054,3.15,2.10,0.00,5.00,2.10,1.10,0.00,5.00
2055,4.00,2.00,5.00,1.00,3.00,0.00,0.00,1.00
2056,3.60,1.80,4.50,0.80,2.70,0.00,0.00,0.80
2057,5.00,5.00,1.00,2.00,5.00,0.00,3.00,2.00
2060,5.00,1.00,5.00,1.00,2.00,0.00,0.00,1.00
2061,1.90,0.00,0.00,1.80,0.95,0.00,1.80,4.50
2062,4.50,0.90,4.50,0.80,1.80,0.00,0.00,1.60
2064,5.00,5.00,1.10,2.10,5.00,0.00,3.15,2.10
2065,4.00,2.00,5.00,1.00,3.00,0.00,0.00,1.00
2068,2.00,0.00,0.00,2.00,1.00,0.00,2.00,5.00
